Plot_ID,Site_ID,Treatment,Bioregion,Easting,Northing,Plot bearing,Aspect_deg,Slope,Aspect,Exposure_NW,Fire_Severity_2003,Elevation,Climate,Rehab_Yr,Temp_C,Prec_mm,ANPP, SLA,  LDMC,Leaf_N,Leaf_C,Leaf_C_N,Leaf_N_P,Leaf_C_P,Leaf_B,Leaf_Na,Leaf_Mg,Leaf_P,Leaf_Ca43,Leaf_Ca44,Leaf_Mn,Leaf_K,Leaf_Fe,Leaf_Cu,Leaf_Zn66,Leaf_Zn67,Leaf_Mo,Leaf_Pb,Leaf_Sr,Exotic_Cover,Fern_Cov,Forb_Cov,GG_cov,Other_cover,Shrub_cov,Tree_cov,Exotic_R,Fern_R,Forb_R,GG_R,Other_R,Shrub_R,Tree_R,Native_R,Native_cov,Total_R,Logs,<5_adj,5_9_adj,10_19_adj,20_29_adj,30_49_adj,50_79_adj,80+_adj,HTW_cov,PA_recruit,Recruit_TG_SG,Nat_Spp_fruiting,%_spp_fruit,%_TG_SG_recruit,Euc_live_ha,Euc_dead_ha,Acac_ha,Tree_live_ha,mean_live_DBH,StdDev_live_DBH,CV_DBH,Pr_Epicormic,Av_Dist_Tree_m,SumCoverDom,Dominant_Euc,Frt_shan,shannon_div,resprout_w,wooddens_w,basal_area
550,Tailrace,Rehab,South Eastern Highlands,622773,6034783,64,359,7.8,North,1278,unburnt,560,Warm,2010,12.05,929.2,470.92,5.17,528.36,1.51,52.74,39.4,15.98,582.28,28.6580453,107.847682,1923.679658,943.61,8673.850192,8648.288222,432.6275424,7532.186558,314.9616534,8.819177369,37.70124585,29.36974796,1.159998588,3.946146232,14.02378963,1.3,0,0.5,4.6,0,7.2,19,4,0,3,7,0,4,2,16,31.3,20,7.5,8,8,30,0,0,0,0,1.1,1,2,8,50,33.33,45,0,114,159,9.86,4.52,0.46,0.11,3.625,26.1,Eucalyptus_viminalis,1.850966513,1.792407991,0.62,0.61,321.0526316
551,Tailrace,Rehab,South Eastern Highlands,622824,6034786,57,19,3.6,North,1278,unburnt,560,Warm,2010,11.95,933.23,469.59,6.4,455.95,1.7,51.07,31.58,17,501.64,11.42201426,16.34273596,1379.649872,1056.38,4834.377888,4549.433434,73.06704027,6348.81783,108.9363355,5.653572087,28.09876393,18.98053275,0.03267768,2.263291253,10.39630657,2.2,0,0.1,15.3,0,3.5,28,18,0,1,4,0,4,3,12,46.9,30,15,8,13,38,0,0,0,0,0.7,1,1,9,75,14.29,58.33,33.33,41,99.33,10.14,4.22,0.42,0.5,2.65,31.3,Eucalyptus_viminalis,0.408697725,1.454529733,0.69,0.59,210.7142857
552,Tailrace,Reference,South Eastern Highlands,622671,6034719,160,333,11.6,Northwest,1278,Low,575,Warm,N/A,12.19,923.3,472.87,6.28,578.81,1.36,53.82,39.97,16.41,660.8,18.63595583,29.05624954,1746.367631,876.73,4660.19019,4600.20071,316.6101357,6462.267784,298.387984,5.175642116,23.21185297,18.08337707,0.19238151,0.796362655,25.69961911,0.1,0,0.8,20.9,0.3,20.9,35,1,0,7,7,3,16,1,34,77.9,35,122.5,217,50,17,8,8,8,0,0,0,0,10,29.41,0,308.33,8.33,0,308.33,6.82,12.58,1.84,0.08,1.75,54.1,Eucalyptus_dives,0.871695242,1.534775928,0.66,0.62,177.1428571
553,Deadman,Rehab,South Eastern Highlands,623234,6031176,345,268,13.9,West,1278,unburnt,600,Warm,2010,11.93,920.11,468.55,6.49,438.77,2.09,52.71,28.97,14.86,405.43,24.13471487,18.91609135,2728.790013,1560.8,6516.035957,6211.100623,557.6215568,8026.953725,97.52077827,8.809146165,30.8691613,20.94338003,0.018702875,4.637435632,23.52564954,32.6,0.2,0.6,1.8,0.1,6,22,12,1,3,7,1,2,2,16,30.7,28,10,86,57,36,0,0,0,0,30.4,1,2,9,56.25,50,178.57,28.57,40,218.57,5.76,4.17,0.72,0.28,2.5,28.4,Eucalyptus_viminalis,0.283323386,1.669737113,0.61,0.6,272.7272727
554,Tailrace,Reference,South Eastern Highlands,623624,6033494,145,64,2.9,Northeast,1078,Very High,560,Warm,N/A,12.06,921.99,470.68,5.8,501.95,1.81,52.9,31.58,23.33,709.28,12.27407128,23.76881915,2069.356111,836.19,6638.386189,6572.909636,226.3502286,6647.895743,117.9470475,4.706498931,24.67507685,17.73435037,0.045414844,1.025757554,27.47077094,0.4,0,0.7,1.7,0.1,22.6,27,4,0,6,5,1,14,2,28,52.1,32,127.5,13,0,5,0,3,10,0,0.3,0,0,9,32.14,0,30,0,47,77,26,25.91,1,0.58,4.25,45,Eucalyptus_viminalis,1.219228941,1.859286026,0.58,0.57,211.1111111
555,KaiserSandWash,Rehab,South Eastern Highlands,623906,6026869,222,62,10.2,Northeast,778,unburnt,1105,Cool-wet,2005,9.23,1196.64,442.85,6.78,467.37,1.71,52.05,31.46,18.04,560.43,15.61224454,11.27759087,1871.997928,1011.57,5941.989646,5818.091924,844.7430449,6488.116839,50.39898642,5.362019576,23.30742549,16.17777007,0.001632241,2.253424525,10.61424662,72.6,0,0.9,1,0,1.8,20.3,15,0,4,1,0,6,6,17,24,32,7.5,41,16,28,6,3,0,0,40.6,1,3,10,58.82,25,93.75,6.25,1,94.75,8.92,9.43,1.06,0.43,2.875,20.5,Eucalyptus_robertsonii,0.450561209,1.685905027,0.73,0.55,270.9359606
556,KaiserSandWash,Rehab,South Eastern Highlands,623835,6026951,19,280,5.4,West,653,unburnt,1110,Cool-wet,2005,9.06,1229.76,442.2,5.53,508.01,1.29,53.31,42.31,13.79,581.54,19.46605447,21.20402029,1542.794717,1021.32,12421.9707,12285.73468,1455.72668,10077.6109,76.10783267,5.929259991,14.7511542,12.01136391,0.05566114,0.45132699,14.84508883,12.3,0,1.2,0,0,3.1,33.5,12,0,6,0,0,7,3,16,37.8,28,0,6,50,83,39,11,0,0,10.8,1,3,7,43.75,30,188.89,5.56,0,188.89,14.46,7.46,0.52,0.12,1.95,34.1,Eucalyptus_viminalis,0,1.508888086,0.71,0.56,167.1641791
557,Dogleg,Rehab,South Eastern Highlands,624234,6029283,16,17,19.7,North,1079,unburnt,790,Warm,2006,10.54,1001.35,451.58,7.81,414.05,2.1,52.58,27.6,14.83,358.62,23.7478506,120.90893,1927.507936,1772.16,10219.62551,10166.98337,691.6895962,11468.37153,127.4323519,5.886814761,26.85718351,19.48566223,0.099067771,0.815900945,17.12867952,2,0,0.5,10.5,0,1.7,39.5,15,0,5,6,0,5,4,20,52.2,35,20,28,39,50,28,0,0,0,0.7,1,2,9,45,22.22,144.44,27.78,45,189.44,11.37,7.31,0.64,0.04,2.7,40.1,Eucalyptus_viminalis,0.096198534,1.681100904,0.7,0.57,144.3037975
558,Dogleg,Rehab,South Eastern Highlands,624261,6029362,320,311,18.7,Northwest,1079,unburnt,765,Warm,2006,10.65,989.39,452.59,6.74,450.63,2.08,52.72,25.97,16.1,392.26,17.8173152,32.14364789,1946.381889,1466.04,10620.7746,10679.05716,272.1765513,10501.96375,102.2276837,6.957894254,30.18298602,21.901244,0.21105185,0.557386675,11.28749283,2.1,0,0.5,7.8,0,6.1,49.3,11,0,5,5,0,6,4,20,63.7,31,2.5,25,113,163,25,0,0,0,0.6,1,1,11,55,10,325,75,50,375,11.06,5.11,0.46,0.23,1.2,54.5,Eucalyptus_viminalis,0.821811885,1.513078814,0.68,0.59,119.6754564
560,Deadman,Rehab,South Eastern Highlands,623236,6031146,343,276,9.4,West,1278,unburnt,600,Warm,2010,11.95,919.27,468.78,6.4,395.33,2.68,52.69,22.58,20.02,381.02,16.97107406,46.29039847,2123.635033,1456.1,6798.427803,6734.205943,396.8202952,9077.557835,139.5288536,11.27341183,31.18193859,21.82051611,0.07944252,4.834141579,17.96363717,52,0,0.1,3.2,0,4.5,40.5,18,0,1,7,0,6,4,18,48.3,36,2.5,15,15,30,0,0,0,0,20.6,0,0,4,22.22,0,60,30,44,104,8.67,4.32,0.5,0.25,2.45,44.3,Eucalyptus_viminalis,0.024355245,1.833157839,0.6,0.59,145.6790123
561,Deadman,Reference,South Eastern Highlands,623349,6031098,160,246,29.5,Southwest,1079,Moderate,630,Warm,N/A,11.95,918.6,468.78,7.2,424.18,1.69,50.77,31.8,14.79,462.02,34.01399026,45.53042803,2108.051548,1361.86,5284.12276,5073.758971,526.8204786,9469.93986,225.7802945,12.97954528,41.33934037,32.30975328,0.110905695,10.57499971,24.58515321,0.4,0.3,1,30.5,0.2,28.2,30.8,3,1,10,4,2,18,3,38,91,41,27.5,5,3,15,28,5,0,0,0.3,0,0,15,39.47,0,55,0,1,56,20.64,9.35,0.45,0.23,2.75,55.5,Eucalyptus_robertsonii,0.842409532,1.678529997,0.67,0.55,178.5714286
562,Deadman,Reference,South Eastern Highlands,623186,6031509,160,291,7.5,West,1278,High,590,Warm,N/A,11.84,925.32,467.41,6.87,432.82,1.54,50.14,35.98,8.99,315.63,26.62523512,59.26322186,3008.176029,1939.4,6087.710619,5801.894187,939.7011668,11430.35995,169.8392174,20.61582694,48.8125731,35.55613155,0.105117324,13.69024998,20.9826224,0.7,5.1,1.6,7.4,0.2,15.3,19,6,2,10,7,2,15,3,39,48.6,45,157.5,5,5,8,5,5,3,3,0.4,1,1,18,46.15,5.56,32.5,5,27,59.5,25.15,25.81,1.03,0.62,2.975,28,Eucalyptus_robertsonii,1.277512502,2.555632133,0.73,0.56,294.7368421
563,Dogleg,Reference,South Eastern Highlands,624137,6029394,95,2,20.8,North,1204,High,785,Warm,N/A,10.81,974.57,454.18,5.85,525.11,1.36,54.16,40.64,10.57,409.41,29.87765477,80.05523597,2356.976961,1611.24,6708.419043,6308.292339,461.2585408,7110.069315,231.8849665,38.10145797,54.66805235,35.45073329,0.041932397,6.520405555,24.52347153,0.1,1,0.8,51.3,0.2,52.4,30.1,1,1,7,4,2,14,3,31,135.8,32,197.5,92,4,12,8,12,4,0,0,0,0,9,29.03,0,130.77,0,2,132.77,9.21,15.76,1.71,0.26,4.75,77,Eucalyptus_dives,0.692954708,1.727395506,0.63,0.65,215.9468439
564,Dogleg,Reference,South Eastern Highlands,624350,6029380,350,282,22.9,West,1000,Moderate,795,Warm,N/A,10.74,980.37,453.43,6.06,448.35,1.48,50.65,37.06,14.63,501.75,26.42037965,39.55832814,2897.681011,1202.36,9375.700775,9193.93388,701.6937184,13295.02697,290.1879037,9.241612875,38.85303827,29.32434833,0.042422528,1.627877771,49.11064652,0.1,1,0.5,31.2,0.3,25.7,41,1,1,5,3,3,14,5,31,99.7,32,77.5,5,10,10,10,13,3,3,0,0,3,11,35.48,15.79,52.5,7.5,40,92.5,25.31,21.4,0.85,0.48,3.225,56,Eucalyptus_robertsonii,1.173745845,2.105790155,0.75,0.56,136.5853659
565,IslandBend,Rehab,Australian Alps,636460,5982630,104,231,9.2,Southwest,1079,unburnt,1060,Cool-dry,2010,9.11,834.61,421.47,5.23,656.19,0.96,51.46,56.9,8.97,473.68,40.59962187,44.93147531,2001.105697,1103.84,13689.32457,13448.60748,543.5755883,5318.373144,95.89085885,42.78094169,50.97152549,29.9548954,0.620396738,12.49189082,46.6920249,0.5,0,0.2,0.4,0,30.8,17.1,5,0,2,4,0,7,3,16,48.5,21,45,100,20,0,0,0,0,0,0.1,0,0,9,56.25,0,120,15,1,121,2.92,1.72,0.59,0,2.75,47.4,Eucalyptus_viminalis,0.913137871,1.03942474,0.6,0.7,409.3567251
566,IslandBend,Rehab,Australian Alps,636453,5982606,121,220,10.3,Southwest,1079,unburnt,1060,Cool-dry,2010,9.15,828.97,421.63,7.27,753.73,0.92,52.21,59.27,5.49,277.79,35.80405716,25.21174451,2920.531177,2594.67,14999.52412,14987.48561,2434.442809,6741.845382,123.6789704,5.834645667,113.1769965,90.69627595,0.276465586,1.009580355,25.89702494,0.3,0,0.1,0.5,0,26.9,10.3,3,0,1,3,0,5,3,12,37.8,15,0,170,25,0,0,0,0,0,0,0,0,4,33.33,0,195,0,2,197,2.22,1.69,0.76,0,3.725,36.8,Eucalyptus_viminalis,0.196693662,1.013708833,0.55,0.71,689.3203883
567,IslandBend,Rehab,Australian Alps,636366,5982641,290,205,7.8,Southwest,1079,unburnt,1060,Cool-dry,2010,9.11,837.13,421.51,5.07,510.8,1.47,52.05,39.16,18.07,621.07,11.31572396,8.447765149,2390.99412,871.48,8275.959677,8352.060427,667.947663,6619.639483,94.79520003,3.155851122,20.19705812,14.35949615,0.07330491,0.379940738,23.50183813,2.5,0,0,1,0,0.9,43,6,0,0,5,0,3,4,12,44.9,18,442.5,1000,63,0,0,0,0,0,0.2,1,1,9,75,14.29,1062.5,93.75,62.5,1125,2.29,1.43,0.62,0,1.9,43.7,Eucalyptus_viminalis,0.707296034,1.426455705,0.75,0.57,132.5581395
568,IslandBend,Rehab,Australian Alps,636398,5982647,148,218,8.7,Southwest,1079,unburnt,1060,Cool-dry,2010,9.1,837.94,421.48,4.9,489.12,1.61,52.95,36.72,19.86,648.57,11.43517941,12.77394543,2265.566815,844.95,9365.632316,9240.998483,406.2410997,7049.720437,80.55531703,5.192985605,25.14985386,19.40539203,0.036454072,1.523132589,36.68032835,5.6,0,0.3,0.8,0,0.4,44.2,7,0,3,4,0,2,5,14,45.7,21,347.5,625,125,25,0,0,0,0,0,1,1,8,57.14,14.29,775,100,110,885,3.34,2.86,0.86,0,1.275,44.3,Eucalyptus_viminalis,0.323825057,1.51964235,0.76,0.57,128.959276
569,ValveHouse,Rehab,South Eastern Highlands,641609,5977243,292,98,17.6,East,1477,unburnt,1040,Cool-dry,2011,8.89,774.84,415.19,4.66,491.51,1.67,52.52,37.84,18.95,626.2,16.24800782,5.958974115,1845.967024,904.14,8651.872788,8524.015041,161.6734717,7318.128181,45.77536512,3.937415399,20.68297074,15.42047389,0.34563845,0.294688545,103.311144,0.7,0,0.5,3.1,0,2.3,9.1,7,0,1,3,0,6,5,15,15,22,237.5,217,42,0,0,0,0,0,0,0,1,10,66.67,9.09,258.33,0,15,273.33,3.16,2.05,0.65,0,2.65,9.6,Eucalyptus_viminalis,0.377101446,2.455512996,0.73,0.57,626.3736264
570,KaiserSandWash,Reference,South Eastern Highlands,623886,6027144,337,308,10,Northwest,477,Low ,1085,Cool-wet,N/A,9.13,1216.53,442.52,6.32,446.79,1.1,51.19,47.13,22.21,1035.34,16.13287618,19.91719508,2099.322222,529.53,5307.19474,5288.311448,948.4217644,5047.16613,88.73181153,5.105662618,19.97647053,15.96615991,0.064358263,1.892826766,69.81627981,0,0.2,0.5,61,0,14.7,50.4,0,1,5,2,0,11,3,22,126.8,22,127.5,3,5,8,5,10,15,3,0,1,2,13,59.09,14.29,47.5,0,7,54.5,40.68,25.8,0.63,0.21,3.25,61,Eucalyptus_robertsonii,0.214613378,1.464066356,0.91,0.56,111.1111111
571,KaiserSandWash,Reference,South Eastern Highlands,623755,6026767,199,137,11.8,Southeast,698,High,1090,Cool-wet,N/A,9.05,1232.34,442.14,7.98,422.65,1.69,53.44,32.38,25.98,810.14,16.0191395,24.17482554,2306.734094,713.13,3806.935637,3792.312969,399.6076314,9477.533327,130.3676246,5.609406133,32.70368094,24.45495718,0.036419419,2.45917689,33.21582456,0.2,5.1,0.8,0.4,0.2,64.7,45,2,2,4,3,2,12,2,25,116.2,27,320,10,20,30,25,15,0,0,0.1,0,1,7,28,7.14,100,40,0,100,17.8,11.31,0.64,0.3,2.625,108,Eucalyptus_robertsonii,1.029709804,1.406458486,0.52,0.54,120
572,IslandBend,Reference,Australian Alps,636569,5982670,115,210,13.3,Southwest,1000,Low,1080,Cool-dry,N/A,9.04,847.87,421.08,4.22,532.94,1.34,53.46,42.23,23.41,960.01,18.67926722,23.14000531,1449.919987,593.98,5913.438793,5764.375593,813.3208298,7064.774329,69.89291017,5.32253479,16.72323985,16.28557718,0.112712889,2.868658693,41.55705139,0,0,0.9,2.2,0.1,11.6,31,0,0,9,3,1,8,2,23,45.8,23,162.5,0,0,3,3,0,15,3,0,0,1,10,43.48,10,22.5,2.5,0,22.5,57.83,24.28,0.42,0,3.0375,41,Eucalyptus_dalrympleana,0.493213599,1.384458818,0.85,0.56,180.6451613
573,IslandBend,Reference,Australian Alps,637334,5981433,115,358,19.4,North,954,Very High,1030,Cool-dry,N/A,8.89,859.78,419.6,5.36,739.61,1.22,52.96,43.73,23.62,1010.39,11.91326898,57.37957671,1121.085908,563.75,5072.766296,4924.747978,256.8146486,3919.770145,129.5244933,5.551738436,31.9510735,20.20290563,0.019471768,5.976868691,24.42561305,0,0,0.3,2,0,45.7,16.2,0,0,2,2,0,7,3,14,64.2,14,62.5,30,50,25,25,5,0,0,0,0,0,7,50,0,135,30,0,135,11.5,8.38,0.73,0,2.2,60,Eucalyptus_dives,0.681569695,1.314639552,0.59,0.67,413.5802469
574,IslandBend,Reference,Australian Alps,637201,5981303,65,358,9.2,North,954,Moderate,1070,Cool-dry,N/A,8.58,933.25,419.15,4.86,542.4,1.28,52.34,42.92,18.68,771.15,16.75836746,83.53460407,1739.970673,705.82,6383.771224,6181.748991,276.6933304,5206.728563,163.2984637,18.02693504,37.66855809,29.55124182,0.119389927,12.41442341,26.54428612,0,0,0,5.7,0,44.5,26,0,0,0,2,0,8,3,13,76.2,13,212.5,40,70,70,0,0,10,0,0,1,1,9,69.23,9.09,190,10,52,242,12.03,11.55,0.96,0,1.775,68,Eucalyptus_dalrympleana,0.737906228,1.472494725,0.63,0.65,250
575,ValveHouse,Rehab,South Eastern Highlands,641656,5977236,11,17,8.7,North,1079,unburnt,1040,Cool-dry,2011,8.96,762.42,415.46,4.54,511.96,1.41,52.71,40.16,20.14,712.8,12.52629002,57.77272981,1574.451556,810.72,8877.147471,8695.112882,273.937676,7931.310928,77.21699122,4.239759239,19.64794979,15.95726543,2.680610262,0.436603014,24.50118564,0.1,0,0.5,1.8,0,2.1,16.1,1,0,1,3,0,6,5,15,20.5,16,77.5,150,67,0,0,0,0,0,0,0,0,9,60,0,216.67,0,16,232.67,3.65,1.61,0.44,0,3.05,16.5,Eucalyptus_viminalis,0.914071538,2.042576219,0.76,0.56,347.826087
576,ValveHouse,Reference,South Eastern Highlands,641990,5976751,328,82,11.1,East,1146,Moderate,1060,Cool-dry,N/A,8.77,791.21,414.34,6.16,637.45,1.13,52.67,47.28,13.32,618.88,28.57284807,147.8907696,2277.408119,924.14,8045.730613,7830.805453,500.6593779,5101.402882,194.9203878,19.79673164,43.30388254,33.38305768,0.284596513,9.053946647,29.44612296,0,0,0.7,2.7,0.1,16.6,17.2,0,0,5,5,1,7,3,21,37.3,21,160,20,25,23,10,15,0,0,0,0,1,9,42.86,10,92.5,0,5,97.5,13.91,11.06,0.8,0,2.875,32.8,Eucalyptus_dives,0.978986971,1.681862521,0.63,0.6,348.8372093
577,ValveHouse,Reference,South Eastern Highlands,642330,5975271,215,146,14.3,Southeast,1204,Low,1020,Cool-dry,N/A,9.32,690.27,416.8,5.88,577.72,1.39,52.27,40.03,18.89,695.16,17.91665618,155.6200297,2076.477289,863.89,12573.71712,12403.08081,1017.060527,5107.444433,203.5998331,9.425971729,44.82027312,32.35531128,0.238974979,5.02341068,41.43393588,0,0,0.3,30.5,0.1,8.6,11.1,0,0,3,4,1,7,5,20,50.6,20,127.5,63,33,42,8,4,0,0,0,1,4,9,45,33.33,150,4.17,2,152,8.36,8.52,1.02,0,2.35,13,Eucalyptus_rubida,0.490472996,1.557290642,0.63,0.61,549.5495495
578,IslandBend,Reference,Australian Alps,636405,5982320,104,20,21.5,North,1079,High,1060,Cool-dry,N/A,8.55,960.45,420.17,5.27,590.35,1.4,51.38,40.33,17.63,633.24,15.65197065,29.0858813,1767.360191,935.42,13541.15989,13544.31056,824.4935877,6906.254244,114.2370914,6.831854667,23.51316152,20.60716177,0.094414756,9.494393578,45.91522365,0.2,0,0.6,10.2,0.1,13.7,38,2,0,6,4,1,13,3,27,62.6,29,97.5,125,31,19,0,6,13,0,0,1,6,4,14.81,37.5,193.75,0,85,278.75,8.63,14.75,1.71,0.13,2.5,49,Eucalyptus_viminalis,1.177035511,1.867489517,0.7,0.57,150
596,TumutPonds,Reference,Australian Alps,625241,6018362,70,315,22.8,Northwest,1342,Low,1195,Cool-wet,N/A,8.3,1340.41,437.04,6.22,489.76,2.13,54.05,27.11,26.69,670.92,17.00715289,47.04602979,1346.400064,843.77,3405.596078,3232.337631,215.7381531,8211.063332,119.4855716,9.386535848,37.4048795,27.47885406,0.09167246,2.89908168,13.46342549,0.3,0,2.8,60.5,0.1,67.7,20.3,3,0,19,2,1,13,3,38,151.4,41,112.5,18,50,4,0,0,0,4,0.1,0,0,10,26.32,0,75,0,0,75,11.52,24,2.08,0.48,3.75,84,Eucalyptus_stellulata,1.241726728,1.49802949,0.52,0.57,280.7881773
597,TumutPonds,Reference,Australian Alps,625706,6019733,295,251,12,West,1544,Very High,1205,Cool-wet,N/A,8.59,1273.73,437.67,6.15,462.22,1.32,52.33,42.02,18.16,761.18,15.04671195,40.91144298,1929.729925,762.03,4452.082338,4311.851536,1600.391873,5704.395546,115.9811804,9.983136763,24.99653938,17.01921054,0.033398298,4.074654239,34.55756618,0,0,0,0.7,0.1,90.7,37,0,0,0,2,1,9,2,14,128.5,14,45,9,173,18,0,0,0,0,0,0,0,5,35.71,0,200,0,0,200,7.61,1.95,0.26,0,1.95,125,Eucalyptus_pauciflora,1.515910916,1.390464085,0.16,0.57,154.0540541
598,TumutPonds,Rehab,Australian Alps,625736,6019787,237,257,10.2,West,1544,unburnt,1210,Cool-wet,2007,8.52,1289.8,437.44,4.25,477.68,1.39,53.78,40.7,14.3,576.78,8.915324756,18.23902041,2117.926284,1017.14,6423.767712,6180.244817,695.8988061,5766.306001,70.76004982,5.991284015,21.03858369,15.20146389,0.037258875,1.934539078,23.01495533,11.1,0,0.5,1.5,0,10.3,36.5,9,0,3,2,0,11,5,21,48.8,30,2.5,367,133,50,17,0,0,0,0.5,0,0,6,28.57,0,566.67,16.67,0,566.67,4.78,5.38,1.13,0.59,1.65,37,Eucalyptus_pauciflora,0,2.132379856,0.62,0.57,156.1643836
599,TumutPonds,Rehab,Australian Alps,625748,6019800,21,270,21.3,West,1477,unburnt,1215,Cool-wet,2007,8.49,1296.05,437.37,4.4,455.77,1.53,52.89,37.8,17.33,625.76,13.30817434,22.44939491,1847.581403,939.34,6102.57461,6015.446391,363.6723617,6123.447356,86.99670056,12.27795892,37.28210556,28.42330854,0.176688,5.926630252,25.6391487,61.4,0,0.5,5.1,0,13.6,18,6,0,3,2,0,11,4,20,37.2,26,192.5,50,85,15,0,0,0,0,0.8,0,0,9,45,0,150,20,0,150,5.85,3.21,0.55,0.47,2.875,25,Eucalyptus_dalrympleana,0.837771613,1.597742239,0.6,0.57,316.6666667
