Sample_id,Plot_id,Site_id,Survey_Date,Treatment,Subplot,Patch,PCT_Number,PCT_Name,Esstablishment,Dbh_cm,Tree sp.,dist_Tree_m,Foliage_Cover_<0.5,Logs_<0.5,Litter_<0.5,Compost,Cryptogam,Rock,Bare soil,Shrub_>0.5,Tree>0.5,Other,
22AO,22,Mangoola Mine,11/03/2019,Reference,A,O,3431,Central Hunter Ironbark Grassy Woodland,NA,,,4,0,0,1,0,0,0,99,0,0,0,
22AT,22,Mangoola Mine,11/03/2019,Reference,A,T,3431,Central Hunter Ironbark Grassy Woodland,NA,11,E.crebra,,5,0,85,0,0,0,10,0,30,0,
22BO,22,Mangoola Mine,11/03/2019,Reference,B,O,3431,Central Hunter Ironbark Grassy Woodland,NA,,,3,0,0,50,0,0,5,45,0,5,0,
22BT,22,Mangoola Mine,11/03/2019,Reference,B,T,3431,Central Hunter Ironbark Grassy Woodland,NA,22,E.crebra,,1,0,10,0,0,0,89,0,30,0,
22CO,22,Mangoola Mine,11/03/2019,Reference,C,O,3431,Central Hunter Ironbark Grassy Woodland,NA,,,5,0,0,20,0,0,1,79,0,0,0,
22CT,22,Mangoola Mine,11/03/2019,Reference,C,T,3431,Central Hunter Ironbark Grassy Woodland,NA,9,E.crebra,,0,0,40,0,0,10,50,0,30,0,
22DO,22,Mangoola Mine,11/03/2019,Reference,D,O,3431,Central Hunter Ironbark Grassy Woodland,NA,,,4,2,0,20,0,0,2,76,0,0,0,
22DT,22,Mangoola Mine,11/03/2019,Reference,D,T,3431,Central Hunter Ironbark Grassy Woodland,NA,11,E.crebra,,3,0,30,0,0,0,67,0,30,0,
23AO,23,Mangoola Mine,11/03/2019,Reference,A,O,3431,Central Hunter Ironbark Grassy Woodland,NA,,,2,1,0,40,0,5,0,54,0,0,0,
23AT,23,Mangoola Mine,11/03/2019,Reference,A,T,3431,Central Hunter Ironbark Grassy Woodland,NA,9,E.crebra,,2,0,40,0,0,1,57,0,40,0,
23BO,23,Mangoola Mine,11/03/2019,Reference,B,O,3431,Central Hunter Ironbark Grassy Woodland,NA,,,4,5,0,65,0,0,0,30,0,10,0,
23BT,23,Mangoola Mine,11/03/2019,Reference,B,T,3431,Central Hunter Ironbark Grassy Woodland,NA,42,E.crebra,,5,0,75,0,0,0,20,50,40,0,
23CO,23,Mangoola Mine,11/03/2019,Reference,C,O,3431,Central Hunter Ironbark Grassy Woodland,NA,,,1,7,0,33,0,50,0,10,0,0,0,
23CT,23,Mangoola Mine,11/03/2019,Reference,C,T,3431,Central Hunter Ironbark Grassy Woodland,NA,12,E.crebra,,2,0,10,0,0,0,88,0,40,0,
23DO,23,Mangoola Mine,11/03/2019,Reference,D,O,3431,Central Hunter Ironbark Grassy Woodland,NA,,,4,5,0,20,0,0,0,75,0,10,0,
23DT,23,Mangoola Mine,11/03/2019,Reference,D,T,3431,Central Hunter Ironbark Grassy Woodland,NA,6.5,E.crebra,,7,0,40,0,0,0,53,0,20,0,
25AO,25,Mangoola Mine,12/03/2019,Reference,A,O,3431,Central Hunter Ironbark Grassy Woodland,NA,,,2,0,0,25,0,70,0,5,0,0,0,
25AT,25,Mangoola Mine,12/03/2019,Reference,A,T,3431,Central Hunter Ironbark Grassy Woodland,NA,34,E.crebra,,0,0,95,0,0,0,5,5,25,0,
25BO,25,Mangoola Mine,12/03/2019,Reference,B,O,3431,Central Hunter Ironbark Grassy Woodland,NA,,,1,1,0,19,0,80,0,0,0,0,0,
25BT,25,Mangoola Mine,12/03/2019,Reference,B,T,3431,Central Hunter Ironbark Grassy Woodland,NA,19,E.crebra,,0,0,75,0,20,0,5,0,50,0,
25CO,25,Mangoola Mine,12/03/2019,Reference,C,O,3431,Central Hunter Ironbark Grassy Woodland,NA,,,1.5,0,0,95,0,5,0,0,0,30,0,
25CT,25,Mangoola Mine,12/03/2019,Reference,C,T,3431,Central Hunter Ironbark Grassy Woodland,NA,56,E.crebra,,0,0,100,0,0,0,0,0,60,0,
25DO,25,Mangoola Mine,12/03/2019,Reference,D,O,3431,Central Hunter Ironbark Grassy Woodland,NA,,,1.5,0,0,100,0,0,0,0,0,0,0,
25DT,25,Mangoola Mine,12/03/2019,Reference,D,T,3431,Central Hunter Ironbark Grassy Woodland,NA,20,Allocasurina,,0,0,100,0,0,0,0,0,50,0,
37AO,37,Mangoola Mine,15/03/2019,Reference,A,O,3431,Central Hunter Ironbark Grassy Woodland,NA,,,2,0,0,100,0,0,0,0,0,0,0,
37AT,37,Mangoola Mine,15/03/2019,Reference,A,T,3431,Central Hunter Ironbark Grassy Woodland,NA,22,E.crebra,,5,0,92,0,0,0,3,0,30,0,
37BO,37,Mangoola Mine,15/03/2019,Reference,B,O,3431,Central Hunter Ironbark Grassy Woodland,NA,,,1.5,1,0,74,0,0,5,20,0,30,0,
37BT,37,Mangoola Mine,15/03/2019,Reference,B,T,3431,Central Hunter Ironbark Grassy Woodland,NA,21,E.crebra,,1,0,94,0,0,0,5,0,50,0,
37CO,37,Mangoola Mine,15/03/2019,Reference,C,O,3431,Central Hunter Ironbark Grassy Woodland,NA,,,2,10,0,90,0,0,0,0,0,5,0,
37CT,37,Mangoola Mine,15/03/2019,Reference,C,T,3431,Central Hunter Ironbark Grassy Woodland,NA,22,E.crebra,,3,0,92,0,0,0,5,0,20,0,
37DO,37,Mangoola Mine,15/03/2019,Reference,D,O,3431,Central Hunter Ironbark Grassy Woodland,NA,,,2,3,0,87,0,0,0,10,0,0,0,
37DT,37,Mangoola Mine,15/03/2019,Reference,D,T,3431,Central Hunter Ironbark Grassy Woodland,NA,13,Allocasurina,,0,0,95,0,0,0,5,0,70,0,
38AO,38,Mangoola Mine,15/03/2019,Reference,A,O,3431,Central Hunter Ironbark Grassy Woodland,NA,,,2,5,0,75,0,0,0,20,0,0,0,
38AT,38,Mangoola Mine,15/03/2019,Reference,A,T,3431,Central Hunter Ironbark Grassy Woodland,NA,7,Allocasurina,,1,0,4,0,0,0,95,0,10,0,
38BO,38,Mangoola Mine,15/03/2019,Reference,B,O,3431,Central Hunter Ironbark Grassy Woodland,NA,,,1,2,0,60,0,0,0,38,0,0,0,
38BT,38,Mangoola Mine,15/03/2019,Reference,B,T,3431,Central Hunter Ironbark Grassy Woodland,NA,7,E.crebra,,0,0,90,0,0,0,10,0,20,0,
38CO,38,Mangoola Mine,15/03/2019,Reference,C,O,3431,Central Hunter Ironbark Grassy Woodland,NA,,,2,0,0,10,0,0,0,90,0,0,0,
38CT,38,Mangoola Mine,15/03/2019,Reference,C,T,3431,Central Hunter Ironbark Grassy Woodland,NA,10,Allocasurina,,0,0,90,0,0,0,10,0,60,0,
38DO,38,Mangoola Mine,15/03/2019,Reference,D,O,3431,Central Hunter Ironbark Grassy Woodland,NA,,,1.5,0,0,50,0,0,6,44,0,0,0,
38DT,38,Mangoola Mine,15/03/2019,Reference,D,T,3431,Central Hunter Ironbark Grassy Woodland,NA,7,Allocasurina,,0,0,60,0,0,0,40,0,60,0,
39AO,39,Mangoola Mine,15/03/2019,Reference,A,O,3431,Central Hunter Ironbark Grassy Woodland,NA,,,3,0,0,90,0,0,0,10,0,40,0,
39AT,39,Mangoola Mine,15/03/2019,Reference,A,T,3431,Central Hunter Ironbark Grassy Woodland,NA,11,E.moluccana,,0,0,100,0,0,0,0,0,50,0,
39BO,39,Mangoola Mine,15/03/2019,Reference,B,O,3431,Central Hunter Ironbark Grassy Woodland,NA,,,1.5,0,0,100,0,0,0,0,0,10,0,
39BT,39,Mangoola Mine,15/03/2019,Reference,B,T,3431,Central Hunter Ironbark Grassy Woodland,NA,26,E.moluccana,,5,0,85,0,0,0,10,0,10,0,
39CO,39,Mangoola Mine,15/03/2019,Reference,C,O,3431,Central Hunter Ironbark Grassy Woodland,NA,,,1.5,10,0,90,0,0,0,0,0,0,0,
39CT,39,Mangoola Mine,15/03/2019,Reference,C,T,3431,Central Hunter Ironbark Grassy Woodland,NA,17,,,0,0,100,0,0,0,0,0,20,0,
39DO,39,Mangoola Mine,15/03/2019,Reference,D,O,3431,Central Hunter Ironbark Grassy Woodland,NA,,,2,3,0,97,0,0,0,0,0,5,0,
39DT,39,Mangoola Mine,15/03/2019,Reference,D,T,3431,Central Hunter Ironbark Grassy Woodland,NA,36,,,0,0,90,0,0,0,10,0,80,0,
40AO,40,Mt Thorley Warkworth,26/03/2019,Reference,A,O,3431,Central Hunter Ironbark Grassy Woodland,NA,,,1.5,4,0,76,0,0,0,20,0,40,0,
40AT,40,Mt Thorley Warkworth,26/03/2019,Reference,A,T,3431,Central Hunter Ironbark Grassy Woodland,NA,19,E.crebra,,3,0,87,0,0,0,10,0,60,0,
40BO,40,Mt Thorley Warkworth,26/03/2019,Reference,B,O,3431,Central Hunter Ironbark Grassy Woodland,NA,,,5,6,0,80,0,4,0,10,0,0,0,
40BT,40,Mt Thorley Warkworth,26/03/2019,Reference,B,T,3431,Central Hunter Ironbark Grassy Woodland,NA,9,E.crebra,,5,0,51,0,4,0,40,0,60,0,
40CO,40,Mt Thorley Warkworth,26/03/2019,Reference,C,O,3431,Central Hunter Ironbark Grassy Woodland,NA,,,2,3,0,75,0,2,0,20,0,0,0,
40CT,40,Mt Thorley Warkworth,26/03/2019,Reference,C,T,3431,Central Hunter Ironbark Grassy Woodland,NA,11,Allocasurina,,0,0,90,0,0,0,10,0,80,0,
40DO,40,Mt Thorley Warkworth,26/03/2019,Reference,D,O,3431,Central Hunter Ironbark Grassy Woodland,NA,,,2.5,7,0,38,0,5,0,50,0,0,0,
40DT,40,Mt Thorley Warkworth,26/03/2019,Reference,D,T,3431,Central Hunter Ironbark Grassy Woodland,NA,17,E.crebra,,2,0,93,0,0,0,5,0,80,0,
41AO,41,Mt Thorley Warkworth,26/03/2019,Reference,A,O,3431,Central Hunter Ironbark Grassy Woodland,NA,,,2,1,0,90,0,0,0,9,0,10,0,
41AT,41,Mt Thorley Warkworth,26/03/2019,Reference,A,T,3431,Central Hunter Ironbark Grassy Woodland,NA,13,Melaleuca,,0,0,100,0,0,0,0,0,70,0,
41BO,41,Mt Thorley Warkworth,26/03/2019,Reference,B,O,3431,Central Hunter Ironbark Grassy Woodland,NA,,,2,4,0,91,0,0,0,5,0,5,0,
41BT,41,Mt Thorley Warkworth,26/03/2019,Reference,B,T,3431,Central Hunter Ironbark Grassy Woodland,NA,18,E.amplifolia,,0,0,100,0,0,0,0,0,40,0,
41CO,41,Mt Thorley Warkworth,26/03/2019,Reference,C,O,3431,Central Hunter Ironbark Grassy Woodland,NA,,,1,3,0,97,0,0,0,0,0,30,0,
41CT,41,Mt Thorley Warkworth,26/03/2019,Reference,C,T,3431,Central Hunter Ironbark Grassy Woodland,NA,16,Allocasurina,,1,0,99,0,0,0,0,0,10,0,
41DO,41,Mt Thorley Warkworth,26/03/2019,Reference,D,O,3431,Central Hunter Ironbark Grassy Woodland,NA,,,1,3,0,92,0,0,0,5,0,20,0,
41DT,41,Mt Thorley Warkworth,26/03/2019,Reference,D,T,3431,Central Hunter Ironbark Grassy Woodland,NA,12,Allocasurina,,0,0,80,0,0,0,20,0,50,0,
42AO,42,Mt Thorley Warkworth,26/03/2019,Reference,A,O,3431,Central Hunter Ironbark Grassy Woodland,NA,,,2,7,0,83,0,0,0,10,0,0,0,
42AT,42,Mt Thorley Warkworth,26/03/2019,Reference,A,T,3431,Central Hunter Ironbark Grassy Woodland,NA,9,Allocasurina,,20,0,60,0,0,0,20,0,5,0,
42BO,42,Mt Thorley Warkworth,26/03/2019,Reference,B,O,3431,Central Hunter Ironbark Grassy Woodland,NA,,,2,5,0,80,0,0,0,15,0,10,0,
42BT,42,Mt Thorley Warkworth,26/03/2019,Reference,B,T,3431,Central Hunter Ironbark Grassy Woodland,NA,26,E.crebra,,4,0,56,0,0,0,40,0,50,0,
42CO,42,Mt Thorley Warkworth,26/03/2019,Reference,C,O,3431,Central Hunter Ironbark Grassy Woodland,NA,,,0.5,7,0,93,0,0,0,0,0,30,0,
42CT,42,Mt Thorley Warkworth,26/03/2019,Reference,C,T,3431,Central Hunter Ironbark Grassy Woodland,NA,12,Allocasurina,,7,0,93,0,0,0,0,0,90,0,
42DO,42,Mt Thorley Warkworth,26/03/2019,Reference,D,O,3431,Central Hunter Ironbark Grassy Woodland,NA,,,2.5,1,0,79,0,20,0,0,0,40,0,
42DT,42,Mt Thorley Warkworth,26/03/2019,Reference,D,T,3431,Central Hunter Ironbark Grassy Woodland,NA,45,E.crebra,,7,0,93,0,0,0,0,0,40,0,
43AO,43,Mt Thorley Warkworth,26/03/2019,Reference,A,O,3431,Central Hunter Ironbark Grassy Woodland,NA,,,1.5,3,0,94,0,0,0,3,0,0,0,
43AT,43,Mt Thorley Warkworth,26/03/2019,Reference,A,T,3431,Central Hunter Ironbark Grassy Woodland,NA,7.5,Allocasurina,,1,0,99,0,0,0,0,0,20,0,
43BO,43,Mt Thorley Warkworth,26/03/2019,Reference,B,O,3431,Central Hunter Ironbark Grassy Woodland,NA,,,0.5,0,0,100,0,0,0,0,0,40,0,
43BT,43,Mt Thorley Warkworth,26/03/2019,Reference,B,T,3431,Central Hunter Ironbark Grassy Woodland,NA,6.5,Allocasurina,,2,0,97,0,0,0,1,0,70,0,
43CO,43,Mt Thorley Warkworth,26/03/2019,Reference,C,O,3431,Central Hunter Ironbark Grassy Woodland,NA,,,1,3,0,97,0,0,0,0,0,0,0,
43CT,43,Mt Thorley Warkworth,26/03/2019,Reference,C,T,3431,Central Hunter Ironbark Grassy Woodland,NA,7,Allocasurina,,7,0,93,0,0,0,0,0,30,0,
43DO,43,Mt Thorley Warkworth,26/03/2019,Reference,D,O,3431,Central Hunter Ironbark Grassy Woodland,NA,,,1,3,0,97,0,0,0,0,0,0,0,
43DT,43,Mt Thorley Warkworth,26/03/2019,Reference,D,T,3431,Central Hunter Ironbark Grassy Woodland,NA,11,Allocasurina,,0,0,100,0,0,0,0,0,40,0,
44AO,44,Mt Thorley Warkworth,27/03/2019,Reference,A,O,3431,Central Hunter Ironbark Grassy Woodland,NA,,,4,6,0,14,0,80,0,0,0,0,0,
44AT,44,Mt Thorley Warkworth,27/03/2019,Reference,A,T,3431,Central Hunter Ironbark Grassy Woodland,NA,14,Allocasurina,,5,0,95,0,0,0,0,0,90,0,
44BO,44,Mt Thorley Warkworth,27/03/2019,Reference,B,O,3431,Central Hunter Ironbark Grassy Woodland,NA,,,2,10,0,90,0,0,0,0,0,40,0,
44BT,44,Mt Thorley Warkworth,27/03/2019,Reference,B,T,3431,Central Hunter Ironbark Grassy Woodland,NA,26,E.crebra,,3,0,97,0,0,0,0,0,40,0,
44CO,44,Mt Thorley Warkworth,27/03/2019,Reference,C,O,3431,Central Hunter Ironbark Grassy Woodland,NA,,,5,0,0,20,0,5,0,75,0,10,0,
44CT,44,Mt Thorley Warkworth,27/03/2019,Reference,C,T,3431,Central Hunter Ironbark Grassy Woodland,NA,22,E.crebra,,5,0,85,0,10,0,0,0,60,0,
44DO,44,Mt Thorley Warkworth,27/03/2019,Reference,D,O,3431,Central Hunter Ironbark Grassy Woodland,NA,,,1,3,0,60,0,7,0,30,0,0,0,
44DT,44,Mt Thorley Warkworth,27/03/2019,Reference,D,T,3431,Central Hunter Ironbark Grassy Woodland,NA,21,E.crebra,,0,0,80,0,10,0,10,0,40,0,
54AO,54,Wambo,1/04/2019,Reference,A,O,3431,Central Hunter Ironbark Grassy Woodland,NA,,,6,10,0,5,0,0,0,85,0,0,0,
54AT,54,Wambo,1/04/2019,Reference,A,T,3431,Central Hunter Ironbark Grassy Woodland,NA,26,E.moluccana,,25,0,75,0,0,0,0,0,40,0,
54BO,54,Wambo,1/04/2019,Reference,B,O,3431,Central Hunter Ironbark Grassy Woodland,NA,,,6,3,0,3,0,0,0,94,0,0,0,
54BT,54,Wambo,1/04/2019,Reference,B,T,3431,Central Hunter Ironbark Grassy Woodland,NA,21.5,E.moluccana,,2,0,78,0,0,0,20,0,50,0,
54CO,54,Wambo,1/04/2019,Reference,C,O,3431,Central Hunter Ironbark Grassy Woodland,NA,,,2.5,7,0,53,0,0,0,40,0,10,0,
54CT,54,Wambo,1/04/2019,Reference,C,T,3431,Central Hunter Ironbark Grassy Woodland,NA,67,E.moluccana,,0,0,100,0,0,0,0,0,40,0,
54DO,54,Wambo,1/04/2019,Reference,D,O,3431,Central Hunter Ironbark Grassy Woodland,NA,,,1.5,10,0,70,0,5,5,10,0,10,0,
54DT,54,Wambo,1/04/2019,Reference,D,T,3431,Central Hunter Ironbark Grassy Woodland,NA,5,E.moluccana,,2,0,88,0,0,10,0,0,50,0,
58AO,58,Wambo,2/04/2019,Reference,A,O,3431,Central Hunter Ironbark Grassy Woodland,NA,,,2,5,0,95,0,0,0,0,0,5,0,
58AT,58,Wambo,2/04/2019,Reference,A,T,3431,Central Hunter Ironbark Grassy Woodland,NA,12.5,Allocasurina,,6,0,94,0,0,0,0,0,4,0,
58BO,58,Wambo,2/04/2019,Reference,B,O,3431,Central Hunter Ironbark Grassy Woodland,NA,,,2.5,10,0,5,0,30,0,55,0,0,0,
58BT,58,Wambo,2/04/2019,Reference,B,T,3431,Central Hunter Ironbark Grassy Woodland,NA,12,Allocasurina,,5,0,95,0,0,0,0,0,40,0,
58CO,58,Wambo,2/04/2019,Reference,C,O,3431,Central Hunter Ironbark Grassy Woodland,NA,,,2,0,0,72,0,3,20,5,0,5,0,
58CT,58,Wambo,2/04/2019,Reference,C,T,3431,Central Hunter Ironbark Grassy Woodland,NA,13,Allocasurina,,0,0,100,0,0,0,0,0,60,0,
58DO,58,Wambo,2/04/2019,Reference,D,O,3431,Central Hunter Ironbark Grassy Woodland,NA,,,3,1,0,5,0,15,1,78,0,0,0,
58DT,58,Wambo,2/04/2019,Reference,D,T,3431,Central Hunter Ironbark Grassy Woodland,NA,15,E.moluccana,,10,0,75,0,0,0,15,10,40,0,
61AO,61,Mt Thorley Warkworth,3/04/2019,Reference,A,O,3431,Central Hunter Ironbark Grassy Woodland,NA,,,6,2,0,98,0,0,0,0,0,0,0,
61AT,61,Mt Thorley Warkworth,3/04/2019,Reference,A,T,3431,Central Hunter Ironbark Grassy Woodland,NA,22,E.crebra,,15,0,85,0,0,0,0,0,40,0,
61BO,61,Mt Thorley Warkworth,3/04/2019,Reference,B,O,3431,Central Hunter Ironbark Grassy Woodland,NA,,,2,5,0,65,0,20,0,10,0,0,0,
61BT,61,Mt Thorley Warkworth,3/04/2019,Reference,B,T,3431,Central Hunter Ironbark Grassy Woodland,NA,6,Allocasurina,,3,0,87,0,10,0,0,0,70,0,
61CO,61,Mt Thorley Warkworth,3/04/2019,Reference,C,O,3431,Central Hunter Ironbark Grassy Woodland,NA,,,7,8,0,92,0,0,0,0,0,40,0,
61CT,61,Mt Thorley Warkworth,3/04/2019,Reference,C,T,3431,Central Hunter Ironbark Grassy Woodland,NA,115,E.crebra,,0,0,35,0,0,0,65,0,40,0,
61DO,61,Mt Thorley Warkworth,3/04/2019,Reference,D,O,3431,Central Hunter Ironbark Grassy Woodland,NA,,,6,0,0,60,0,40,0,0,0,0,0,
61DT,61,Mt Thorley Warkworth,3/04/2019,Reference,D,T,3431,Central Hunter Ironbark Grassy Woodland,NA,23,E.crebra,,3,0,87,0,0,0,10,0,40,0,
84AO,84,Bulga,14/05/2019,Reference,A,O,3431,Central Hunter Ironbark Grassy Woodland,NA,,,0.5,10,0,80,0,0,0,10,0,0,0,
84AT,84,Bulga,14/05/2019,Reference,A,T,3431,Central Hunter Ironbark Grassy Woodland,NA,10,E.crebra,,5,0,90,0,0,0,5,0,20,0,
84BO,84,Bulga,14/05/2019,Reference,B,O,3431,Central Hunter Ironbark Grassy Woodland,NA,,,0.5,10,0,85,0,0,0,5,0,0,0,
84BT,84,Bulga,14/05/2019,Reference,B,T,3431,Central Hunter Ironbark Grassy Woodland,NA,8,E.crebra,,10,0,85,0,0,0,5,0,40,0,
84CO,84,Bulga,14/05/2019,Reference,C,O,3431,Central Hunter Ironbark Grassy Woodland,NA,,,2,10,0,78,0,0,2,10,0,20,0,
84CT,84,Bulga,14/05/2019,Reference,C,T,3431,Central Hunter Ironbark Grassy Woodland,NA,17,E.crebra,,5,0,90,0,0,0,5,0,20,0,
84DO,84,Bulga,14/05/2019,Reference,D,O,3431,Central Hunter Ironbark Grassy Woodland,NA,,,1,10,0,80,0,0,0,10,0,0,0,
84DT,84,Bulga,14/05/2019,Reference,D,T,3431,Central Hunter Ironbark Grassy Woodland,NA,9,E.crebra,,10,0,70,0,0,0,20,0,30,0,
94AO,94,Bulga,16/05/2019,Reference,A,O,3431,Central Hunter Ironbark Grassy Woodland,NA,,,2,5,0,90,0,0,0,5,0,0,0,
94AT,94,Bulga,16/05/2019,Reference,A,T,3431,Central Hunter Ironbark Grassy Woodland,NA,40,E.moluccana,,0,0,100,0,0,0,0,0,60,0,
94BO,94,Bulga,16/05/2019,Reference,B,O,3431,Central Hunter Ironbark Grassy Woodland,NA,,,3,30,0,40,0,20,0,10,0,0,0,
94BT,94,Bulga,16/05/2019,Reference,B,T,3431,Central Hunter Ironbark Grassy Woodland,NA,6,E.moluccana,,7,0,53,0,0,0,40,0,70,0,
94CO,94,Bulga,16/05/2019,Reference,C,O,3431,Central Hunter Ironbark Grassy Woodland,NA,,,3,1,0,99,0,0,0,0,0,50,0,
94CT,94,Bulga,16/05/2019,Reference,C,T,3431,Central Hunter Ironbark Grassy Woodland,NA,49,E.moluccana,,0,0,100,0,0,0,0,0,50,0,
94DO,94,Bulga,16/05/2019,Reference,D,O,3431,Central Hunter Ironbark Grassy Woodland,NA,,,4,20,0,10,0,0,0,70,0,5,0,
94DT,94,Bulga,16/05/2019,Reference,D,T,3431,Central Hunter Ironbark Grassy Woodland,NA,60,E.moluccana,,0,0,50,0,0,0,50,0,40,0,
12AO,12,Mangoola Mine,7/03/2019,Rehabilitated,A,O,3431,Central Hunter Ironbark Grassy Woodland,2011,,,2,2,0,5,0,0,0,93,0,0,0,
12AT,12,Mangoola Mine,7/03/2019,Rehabilitated,A,T,3431,Central Hunter Ironbark Grassy Woodland,2011,6,A.spectabilis,,0,0,75,0,0,0,25,40,0,0,
12BO,12,Mangoola Mine,7/03/2019,Rehabilitated,B,O,3431,Central Hunter Ironbark Grassy Woodland,2011,,,2,5,0,10,0,0,83,2,0,0,0,
12BT,12,Mangoola Mine,7/03/2019,Rehabilitated,B,T,3431,Central Hunter Ironbark Grassy Woodland,2011,6,E.dawsonii,,0,0,88,0,0,2,10,0,60,0,
12CO,12,Mangoola Mine,7/03/2019,Rehabilitated,C,O,3431,Central Hunter Ironbark Grassy Woodland,2011,,,3,1,0,1,0,0,0,98,0,0,0,
12CT,12,Mangoola Mine,7/03/2019,Rehabilitated,C,T,3431,Central Hunter Ironbark Grassy Woodland,2011,5,A.spectabilis,,0,0,50,0,0,0,50,40,1,0,
12DO,12,Mangoola Mine,7/03/2019,Rehabilitated,D,O,3431,Central Hunter Ironbark Grassy Woodland,2011,,,4,5,0,40,0,0,0,55,0,0,0,
12DT,12,Mangoola Mine,7/03/2019,Rehabilitated,D,T,3431,Central Hunter Ironbark Grassy Woodland,2011,5.5,E.crebra,,2,0,98,0,0,0,0,0,60,0,
20AO,20,Mangoola Mine,11/03/2019,Rehabilitated,A,O,3431,Central Hunter Ironbark Grassy Woodland,2013,,,2,3,0,30,0,0,1,66,0,0,0,
20AT,20,Mangoola Mine,11/03/2019,Rehabilitated,A,T,3431,Central Hunter Ironbark Grassy Woodland,2013,8.5,E.moluccana,,0,0,100,0,0,0,0,0,60,0,
20BO,20,Mangoola Mine,11/03/2019,Rehabilitated,B,O,3431,Central Hunter Ironbark Grassy Woodland,2013,,,no data,2,0,40,0,0,5,53,0,0,0,
20BT,20,Mangoola Mine,11/03/2019,Rehabilitated,B,T,3431,Central Hunter Ironbark Grassy Woodland,2013,6.5,E.moluccana,,0,0,100,0,0,0,0,0,50,0,
20CO,20,Mangoola Mine,11/03/2019,Rehabilitated,C,O,3431,Central Hunter Ironbark Grassy Woodland,2013,,,2,0,0,55,0,0,10,35,0,0,0,
20CT,20,Mangoola Mine,11/03/2019,Rehabilitated,C,T,3431,Central Hunter Ironbark Grassy Woodland,2013,6.5,E.moluccana,,0,0,98,0,0,2,0,0,50,0,
20DO,20,Mangoola Mine,11/03/2019,Rehabilitated,D,O,3431,Central Hunter Ironbark Grassy Woodland,2013,,,1,0,0,30,0,0,10,60,0,0,0,
20DT,20,Mangoola Mine,11/03/2019,Rehabilitated,D,T,3431,Central Hunter Ironbark Grassy Woodland,2013,8,E.moluccana,,0,0,95,0,0,0,5,0,40,0,
21AO,21,Mangoola Mine,11/03/2019,Rehabilitated,A,O,3431,Central Hunter Ironbark Grassy Woodland,2013,,,1.5,5,0,1,0,0,10,84,0,0,0,
21AT,21,Mangoola Mine,11/03/2019,Rehabilitated,A,T,3431,Central Hunter Ironbark Grassy Woodland,2013,5,A.salicina,,5,0,95,0,0,0,0,40,0,0,
21BO,21,Mangoola Mine,11/03/2019,Rehabilitated,B,O,3431,Central Hunter Ironbark Grassy Woodland,2013,,,1,5,0,85,0,0,0,10,0,0,0,
21BT,21,Mangoola Mine,11/03/2019,Rehabilitated,B,T,3431,Central Hunter Ironbark Grassy Woodland,2013,6,E.moluccana,,0,0,95,0,0,5,0,0,50,0,
21CO,21,Mangoola Mine,11/03/2019,Rehabilitated,C,O,3431,Central Hunter Ironbark Grassy Woodland,2013,,,1,0,0,60,0,0,5,35,0,0,0,
21CT,21,Mangoola Mine,11/03/2019,Rehabilitated,C,T,3431,Central Hunter Ironbark Grassy Woodland,2013,5.5,A.parvipanula,,0,0,85,0,0,5,10,40,0,0,
21DO,21,Mangoola Mine,11/03/2019,Rehabilitated,D,O,3431,Central Hunter Ironbark Grassy Woodland,2013,,,1,1,0,1,0,0,5,93,0,0,0,
21DT,21,Mangoola Mine,11/03/2019,Rehabilitated,D,T,3431,Central Hunter Ironbark Grassy Woodland,2013,6,A.parvipanula,,3,0,92,0,0,5,0,30,0,0,
29AO,29,Mangoola Mine,13/03/2019,Rehabilitated,A,O,3431,Central Hunter Ironbark Grassy Woodland,2015,,,3,3,0,7,0,0,80,10,0,0,0,
29AT,29,Mangoola Mine,13/03/2019,Rehabilitated,A,T,3431,Central Hunter Ironbark Grassy Woodland,2015,5,A.linearifolia,,15,0,10,0,0,10,65,40,0,0,
29BO,29,Mangoola Mine,13/03/2019,Rehabilitated,B,O,3431,Central Hunter Ironbark Grassy Woodland,2015,,,1.5,0,0,50,0,0,10,40,0,0,0,
29BT,29,Mangoola Mine,13/03/2019,Rehabilitated,B,T,3431,Central Hunter Ironbark Grassy Woodland,2015,3,A.salicina,,0,0,98,0,0,2,0,80,0,0,
29CO,29,Mangoola Mine,13/03/2019,Rehabilitated,C,O,3431,Central Hunter Ironbark Grassy Woodland,2015,,,2,40,0,30,0,0,5,25,0,0,0,
29CT,29,Mangoola Mine,13/03/2019,Rehabilitated,C,T,3431,Central Hunter Ironbark Grassy Woodland,2015,3,A.spp,,2,0,20,0,0,10,68,40,0,0,
29DO,29,Mangoola Mine,13/03/2019,Rehabilitated,D,O,3431,Central Hunter Ironbark Grassy Woodland,2015,,,2,0,0,5,0,0,50,45,0,0,0,
29DT,29,Mangoola Mine,13/03/2019,Rehabilitated,D,T,3431,Central Hunter Ironbark Grassy Woodland,2015,3.5,A.linearifolia,,0,0,80,0,0,10,10,80,0,0,
31AO,31,Mangoola Mine,13/03/2019,Rehabilitated,A,O,3431,Central Hunter Ironbark Grassy Woodland,2014,,,3,10,0,70,0,0,0,20,0,0,0,
31AT,31,Mangoola Mine,13/03/2019,Rehabilitated,A,T,3431,Central Hunter Ironbark Grassy Woodland,2014,5,E.moluccana,,0,0,70,0,0,0,30,0,50,0,
31BO,31,Mangoola Mine,13/03/2019,Rehabilitated,B,O,3431,Central Hunter Ironbark Grassy Woodland,2014,,,2,0,0,90,0,0,0,10,0,0,0,
31BT,31,Mangoola Mine,13/03/2019,Rehabilitated,B,T,3431,Central Hunter Ironbark Grassy Woodland,2014,5.5,E.tereticornis,,20,0,80,0,0,0,0,0,60,0,
31CO,31,Mangoola Mine,13/03/2019,Rehabilitated,C,O,3431,Central Hunter Ironbark Grassy Woodland,2014,,,2,3,0,87,0,0,0,10,0,0,0,
31CT,31,Mangoola Mine,13/03/2019,Rehabilitated,C,T,3431,Central Hunter Ironbark Grassy Woodland,2014,5,A.salicina,,3,0,97,0,0,0,0,60,0,0,
31DO,31,Mangoola Mine,13/03/2019,Rehabilitated,D,O,3431,Central Hunter Ironbark Grassy Woodland,2014,,,2,0,0,5,0,0,2,93,0,0,0,
31DT,31,Mangoola Mine,13/03/2019,Rehabilitated,D,T,3431,Central Hunter Ironbark Grassy Woodland,2014,5,E.crebra,,0,0,100,0,0,0,0,0,60,0,
32AO,32,Mangoola Mine,13/03/2019,Rehabilitated,A,O,3431,Central Hunter Ironbark Grassy Woodland,2013,,,1.5,0,0,40,0,0,2,58,0,0,0,
32AT,32,Mangoola Mine,13/03/2019,Rehabilitated,A,T,3431,Central Hunter Ironbark Grassy Woodland,2013,7,E.crebra,,0,0,100,0,0,0,0,0,60,0,
32BO,32,Mangoola Mine,13/03/2019,Rehabilitated,B,O,3431,Central Hunter Ironbark Grassy Woodland,2013,,,3,1,0,1,0,0,5,93,0,0,0,
32BT,32,Mangoola Mine,13/03/2019,Rehabilitated,B,T,3431,Central Hunter Ironbark Grassy Woodland,2013,11,E.crebra,,0,0,100,0,0,0,0,10,90,0,
32CO,32,Mangoola Mine,13/03/2019,Rehabilitated,C,O,3431,Central Hunter Ironbark Grassy Woodland,2013,,,2,0,0,20,0,0,4,76,0,0,0,
32CT,32,Mangoola Mine,13/03/2019,Rehabilitated,C,T,3431,Central Hunter Ironbark Grassy Woodland,2013,7,A.linearifolia,,0,0,100,0,0,0,0,10,0,0,
32DO,32,Mangoola Mine,13/03/2019,Rehabilitated,D,O,3431,Central Hunter Ironbark Grassy Woodland,2013,,,2.5,0,0,20,0,0,2,78,0,0,0,
32DT,32,Mangoola Mine,13/03/2019,Rehabilitated,D,T,3431,Central Hunter Ironbark Grassy Woodland,2013,5,A.parvipanula,,0,0,95,0,0,0,5,30,0,0,
33AO,33,Mangoola Mine,14/03/2019,Rehabilitated,A,O,3431,Central Hunter Ironbark Grassy Woodland,2011,,,2.5,5,0,40,0,0,6,49,0,0,0,
33AT,33,Mangoola Mine,14/03/2019,Rehabilitated,A,T,3431,Central Hunter Ironbark Grassy Woodland,2011,7,A.spectabilis,,2,0,93,0,0,0,5,50,0,0,
33BO,33,Mangoola Mine,14/03/2019,Rehabilitated,B,O,3431,Central Hunter Ironbark Grassy Woodland,2011,,,2,10,0,30,0,0,3,57,0,0,0,
33BT,33,Mangoola Mine,14/03/2019,Rehabilitated,B,T,3431,Central Hunter Ironbark Grassy Woodland,2011,10,E.moluccana,,2,0,98,0,0,0,0,0,80,0,
33CO,33,Mangoola Mine,14/03/2019,Rehabilitated,C,O,3431,Central Hunter Ironbark Grassy Woodland,2011,,,3,4,0,40,0,0,4,52,0,0,0,
33CT,33,Mangoola Mine,14/03/2019,Rehabilitated,C,T,3431,Central Hunter Ironbark Grassy Woodland,2011,6,E.moluccana,,3,0,50,0,5,5,37,0,30,0,
33DO,33,Mangoola Mine,14/03/2019,Rehabilitated,D,O,3431,Central Hunter Ironbark Grassy Woodland,2011,,,3,20,0,65,0,0,12,3,0,0,0,
33DT,33,Mangoola Mine,14/03/2019,Rehabilitated,D,T,3431,Central Hunter Ironbark Grassy Woodland,2011,6,E.moluccana,,10,0,45,0,0,5,40,0,80,0,
34AO,34,Mangoola Mine,14/03/2019,Rehabilitated,A,O,3431,Central Hunter Ironbark Grassy Woodland,2012,,,0.5,0,0,92,0,0,3,5,0,10,0,
34AT,34,Mangoola Mine,14/03/2019,Rehabilitated,A,T,3431,Central Hunter Ironbark Grassy Woodland,2012,6,E.crebra,,1,0,94,0,0,0,5,0,40,0,
34BO,34,Mangoola Mine,14/03/2019,Rehabilitated,B,O,3431,Central Hunter Ironbark Grassy Woodland,2012,,,2,5,0,75,0,0,10,10,0,0,0,
34BT,34,Mangoola Mine,14/03/2019,Rehabilitated,B,T,3431,Central Hunter Ironbark Grassy Woodland,2012,9,E.crebra,,0,0,30,0,0,3,67,0,50,0,
34CO,34,Mangoola Mine,14/03/2019,Rehabilitated,C,O,3431,Central Hunter Ironbark Grassy Woodland,2012,,,2.5,0,0,10,0,0,7,83,0,0,0,
34CT,34,Mangoola Mine,14/03/2019,Rehabilitated,C,T,3431,Central Hunter Ironbark Grassy Woodland,2012,10,A.salicina,,0,0,100,0,0,0,0,50,50,0,
34DO,34,Mangoola Mine,14/03/2019,Rehabilitated,D,O,3431,Central Hunter Ironbark Grassy Woodland,2012,,,1.5,1,0,49,0,0,50,0,0,0,0,
34DT,34,Mangoola Mine,14/03/2019,Rehabilitated,D,T,3431,Central Hunter Ironbark Grassy Woodland,2012,6,A.salicina,,10,0,90,0,0,0,0,40,0,0,
35AO,35,Mangoola Mine,14/03/2019,Rehabilitated,A,O,3431,Central Hunter Ironbark Grassy Woodland,2012,,,2.5,0,0,5,0,0,5,90,0,0,0,
35AT,35,Mangoola Mine,14/03/2019,Rehabilitated,A,T,3431,Central Hunter Ironbark Grassy Woodland,2012,6,E.crebra,,0,0,100,0,0,0,0,30,30,0,
35BO,35,Mangoola Mine,14/03/2019,Rehabilitated,B,O,3431,Central Hunter Ironbark Grassy Woodland,2012,,,7,0,0,88,0,0,2,10,0,0,0,
35BT,35,Mangoola Mine,14/03/2019,Rehabilitated,B,T,3431,Central Hunter Ironbark Grassy Woodland,2012,6,E.moluccana,,0,0,40,0,0,10,50,0,40,0,
35CO,35,Mangoola Mine,14/03/2019,Rehabilitated,C,O,3431,Central Hunter Ironbark Grassy Woodland,2012,,,3,0,0,90,0,0,0,10,0,0,0,
35CT,35,Mangoola Mine,14/03/2019,Rehabilitated,C,T,3431,Central Hunter Ironbark Grassy Woodland,2012,6,E.crebra,,0,0,89,0,0,1,10,0,80,0,
35DO,35,Mangoola Mine,14/03/2019,Rehabilitated,D,O,3431,Central Hunter Ironbark Grassy Woodland,2012,,,4,0,0,59,0,0,1,40,0,0,0,
35DT,35,Mangoola Mine,14/03/2019,Rehabilitated,D,T,3431,Central Hunter Ironbark Grassy Woodland,2012,8.5,E.crebra,,0,0,100,0,0,0,0,0,70,0,
45AO,45,Mt Thorley Warkworth,27/03/2019,Rehabilitated,A,O,3431,Central Hunter Ironbark Grassy Woodland,2010,,,1.5,0,0,95,0,5,0,0,0,0,0,
45AT,45,Mt Thorley Warkworth,27/03/2019,Rehabilitated,A,T,3431,Central Hunter Ironbark Grassy Woodland,2010,9,C.maculata,,0,0,95,0,1,0,4,0,80,0,
45BO,45,Mt Thorley Warkworth,27/03/2019,Rehabilitated,B,O,3431,Central Hunter Ironbark Grassy Woodland,2010,,,0.5,1,0,44,0,35,5,15,0,0,0,
45BT,45,Mt Thorley Warkworth,27/03/2019,Rehabilitated,B,T,3431,Central Hunter Ironbark Grassy Woodland,2010,9,C.maculata,,1,0,50,0,0,0,49,0,70,0,
45CO,45,Mt Thorley Warkworth,27/03/2019,Rehabilitated,C,O,3431,Central Hunter Ironbark Grassy Woodland,2010,,,1.5,1,0,84,0,5,10,0,0,0,0,
45CT,45,Mt Thorley Warkworth,27/03/2019,Rehabilitated,C,T,3431,Central Hunter Ironbark Grassy Woodland,2010,10,C.maculata,,40,0,60,0,0,0,0,0,50,0,
45DO,45,Mt Thorley Warkworth,27/03/2019,Rehabilitated,D,O,3431,Central Hunter Ironbark Grassy Woodland,2010,,,1.5,0,0,40,0,25,10,25,0,20,0,
45DT,45,Mt Thorley Warkworth,27/03/2019,Rehabilitated,D,T,3431,Central Hunter Ironbark Grassy Woodland,2010,5,C.maculata,,0,0,100,0,0,0,0,0,40,0,
46AO,46,Mt Thorley Warkworth,27/03/2019,Rehabilitated,A,O,3431,Central Hunter Ironbark Grassy Woodland,2009,,,1,0,0,80,0,1,0,19,0,0,0,
46AT,46,Mt Thorley Warkworth,27/03/2019,Rehabilitated,A,T,3431,Central Hunter Ironbark Grassy Woodland,2009,6,E.fibrosa,,2,0,98,0,0,0,0,0,40,0,
46BO,46,Mt Thorley Warkworth,27/03/2019,Rehabilitated,B,O,3431,Central Hunter Ironbark Grassy Woodland,2009,,,1,0,0,5,0,10,5,80,0,0,0,
46BT,46,Mt Thorley Warkworth,27/03/2019,Rehabilitated,B,T,3431,Central Hunter Ironbark Grassy Woodland,2009,6,C.maculata,,0,0,100,0,0,0,0,0,40,0,
46CO,46,Mt Thorley Warkworth,27/03/2019,Rehabilitated,C,O,3431,Central Hunter Ironbark Grassy Woodland,2009,,,1,3,0,72,0,10,0,15,0,0,0,
46CT,46,Mt Thorley Warkworth,27/03/2019,Rehabilitated,C,T,3431,Central Hunter Ironbark Grassy Woodland,2009,7,C.maculata,,10,0,90,0,0,0,0,0,50,0,
46DO,46,Mt Thorley Warkworth,27/03/2019,Rehabilitated,D,O,3431,Central Hunter Ironbark Grassy Woodland,2009,,,0.5,0,0,40,0,0,0,60,0,10,0,
46DT,46,Mt Thorley Warkworth,27/03/2019,Rehabilitated,D,T,3431,Central Hunter Ironbark Grassy Woodland,2009,5.5,E.moluccana,,0,0,75,0,0,0,25,0,30,0,
47AO,47,Mt Thorley Warkworth,27/03/2019,Rehabilitated,A,O,3431,Central Hunter Ironbark Grassy Woodland,2015,,,0.5,50,0,10,0,0,0,40,0,0,0,
47AT,47,Mt Thorley Warkworth,27/03/2019,Rehabilitated,A,T,3431,Central Hunter Ironbark Grassy Woodland,2015,4.5,C.maculata,,90,0,10,0,0,0,0,0,40,0,
47BO,47,Mt Thorley Warkworth,27/03/2019,Rehabilitated,B,O,3431,Central Hunter Ironbark Grassy Woodland,2015,,,2,5,0,95,0,0,0,0,0,0,0,
47BT,47,Mt Thorley Warkworth,27/03/2019,Rehabilitated,B,T,3431,Central Hunter Ironbark Grassy Woodland,2015,4.5,E.fibrosa,,100,0,0,0,0,0,0,0,0,0,
47CO,47,Mt Thorley Warkworth,27/03/2019,Rehabilitated,C,O,3431,Central Hunter Ironbark Grassy Woodland,2015,,,NA,80,0,10,0,0,0,10,0,0,0,
47CT,47,Mt Thorley Warkworth,27/03/2019,Rehabilitated,C,T,3431,Central Hunter Ironbark Grassy Woodland,2015,4.5,C.maculata,,20,0,80,0,0,0,0,0,50,0,
47DO,47,Mt Thorley Warkworth,27/03/2019,Rehabilitated,D,O,3431,Central Hunter Ironbark Grassy Woodland,2015,,,2,50,0,50,0,0,0,0,0,0,0,
47DT,47,Mt Thorley Warkworth,27/03/2019,Rehabilitated,D,T,3431,Central Hunter Ironbark Grassy Woodland,2015,4.5,E.moluccana,,50,0,25,0,0,0,25,0,50,0,
48AO,48,Mt Thorley Warkworth,28/03/2019,Rehabilitated,A,O,3431,Central Hunter Ironbark Grassy Woodland,2015,,,2,20,0,1,0,0,3,76,0,0,0,
48AT,48,Mt Thorley Warkworth,28/03/2019,Rehabilitated,A,T,3431,Central Hunter Ironbark Grassy Woodland,2015,6.5,C.maculata,,10,0,40,0,0,5,45,0,90,0,
48BO,48,Mt Thorley Warkworth,28/03/2019,Rehabilitated,B,O,3431,Central Hunter Ironbark Grassy Woodland,2015,,,2,1,0,0,0,0,20,79,0,0,0,
48BT,48,Mt Thorley Warkworth,28/03/2019,Rehabilitated,B,T,3431,Central Hunter Ironbark Grassy Woodland,2015,5,C.maculata,,10,0,30,0,0,10,50,0,70,0,
48CO,48,Mt Thorley Warkworth,28/03/2019,Rehabilitated,C,O,3431,Central Hunter Ironbark Grassy Woodland,2015,,,0.5,2,0,0,0,0,48,50,0,0,0,
48CT,48,Mt Thorley Warkworth,28/03/2019,Rehabilitated,C,T,3431,Central Hunter Ironbark Grassy Woodland,2015,4.5,E.spp,,60,0,0,0,0,10,30,0,80,0,
48DO,48,Mt Thorley Warkworth,28/03/2019,Rehabilitated,D,O,3431,Central Hunter Ironbark Grassy Woodland,2015,,,2,70,0,0,0,0,20,10,0,0,0,
48DT,48,Mt Thorley Warkworth,28/03/2019,Rehabilitated,D,T,3431,Central Hunter Ironbark Grassy Woodland,2015,4.5,C.maculata,,40,0,40,0,0,10,10,0,50,0,
49AO,49,Mt Thorley Warkworth,28/03/2019,Rehabilitated,A,O,3431,Central Hunter Ironbark Grassy Woodland,2011,,,1,40,0,20,0,5,0,35,0,0,0,
49AT,49,Mt Thorley Warkworth,28/03/2019,Rehabilitated,A,T,3431,Central Hunter Ironbark Grassy Woodland,2011,7.5,C.maculata,,0,0,100,0,0,0,0,0,50,0,
49BO,49,Mt Thorley Warkworth,28/03/2019,Rehabilitated,B,O,3431,Central Hunter Ironbark Grassy Woodland,2011,,,1.5,5,0,95,0,0,0,0,0,0,0,
49BT,49,Mt Thorley Warkworth,28/03/2019,Rehabilitated,B,T,3431,Central Hunter Ironbark Grassy Woodland,2011,8.5,E.moluccana,,0,0,100,0,0,0,0,0,50,0,
49CO,49,Mt Thorley Warkworth,28/03/2019,Rehabilitated,C,O,3431,Central Hunter Ironbark Grassy Woodland,2011,,,1.5,2,0,40,0,0,0,58,0,0,0,
49CT,49,Mt Thorley Warkworth,28/03/2019,Rehabilitated,C,T,3431,Central Hunter Ironbark Grassy Woodland,2011,9,C.maculata,,0,0,100,0,0,0,0,0,80,0,
49DO,49,Mt Thorley Warkworth,28/03/2019,Rehabilitated,D,O,3431,Central Hunter Ironbark Grassy Woodland,2011,,,2,2,0,0,0,10,0,88,0,0,0,
49DT,49,Mt Thorley Warkworth,28/03/2019,Rehabilitated,D,T,3431,Central Hunter Ironbark Grassy Woodland,2011,11,C.maculata,,0,0,100,0,0,0,0,40,30,0,
50AO,50,Mt Thorley Warkworth,28/03/2019,Rehabilitated,A,O,3431,Central Hunter Ironbark Grassy Woodland,2014,,,1.5,90,0,5,0,0,0,5,0,0,0,
50AT,50,Mt Thorley Warkworth,28/03/2019,Rehabilitated,A,T,3431,Central Hunter Ironbark Grassy Woodland,2014,4.5,C.maculata,,40,0,50,0,0,0,10,0,60,0,
50BO,50,Mt Thorley Warkworth,28/03/2019,Rehabilitated,B,O,3431,Central Hunter Ironbark Grassy Woodland,2014,,,4,30,0,20,0,30,0,20,0,0,0,
50BT,50,Mt Thorley Warkworth,28/03/2019,Rehabilitated,B,T,3431,Central Hunter Ironbark Grassy Woodland,2014,4,E.dawsonii,,80,0,20,0,0,0,0,0,40,0,
50CO,50,Mt Thorley Warkworth,28/03/2019,Rehabilitated,C,O,3431,Central Hunter Ironbark Grassy Woodland,2014,,,4,30,0,0,0,0,20,50,0,0,0,
50CT,50,Mt Thorley Warkworth,28/03/2019,Rehabilitated,C,T,3431,Central Hunter Ironbark Grassy Woodland,2014,5,A.salicina,,45,0,35,0,0,20,0,0,40,0,
50DO,50,Mt Thorley Warkworth,28/03/2019,Rehabilitated,D,O,3431,Central Hunter Ironbark Grassy Woodland,2014,,,3,50,0,20,0,0,0,30,0,0,0,
50DT,50,Mt Thorley Warkworth,28/03/2019,Rehabilitated,D,T,3431,Central Hunter Ironbark Grassy Woodland,2014,4.5,E.crebra,,98,0,2,0,0,0,0,0,40,0,
59AO,59,Mt Thorley Warkworth,3/04/2019,Rehabilitated,A,O,3431,Central Hunter Ironbark Grassy Woodland,2011,,,5,0,0,40,0,13,2,45,0,0,0,
59AT,59,Mt Thorley Warkworth,3/04/2019,Rehabilitated,A,T,3431,Central Hunter Ironbark Grassy Woodland,2011,7.5,A.salicina,,30,0,67,0,0,3,0,0,50,0,
59BO,59,Mt Thorley Warkworth,3/04/2019,Rehabilitated,B,O,3431,Central Hunter Ironbark Grassy Woodland,2011,,,1,1,0,5,3,0,0,91,0,0,0,
59BT,59,Mt Thorley Warkworth,3/04/2019,Rehabilitated,B,T,3431,Central Hunter Ironbark Grassy Woodland,2011,5,E.crebra,,5,0,50,0,6,0,39,0,50,0,
59CO,59,Mt Thorley Warkworth,3/04/2019,Rehabilitated,C,O,3431,Central Hunter Ironbark Grassy Woodland,2011,,,1.5,0,0,40,0,10,3,47,0,0,0,
59CT,59,Mt Thorley Warkworth,3/04/2019,Rehabilitated,C,T,3431,Central Hunter Ironbark Grassy Woodland,2011,5,A.salicina,,1,0,81,0,0,8,10,0,60,0,
59DO,59,Mt Thorley Warkworth,3/04/2019,Rehabilitated,D,O,3431,Central Hunter Ironbark Grassy Woodland,2011,,,1,1,0,5,0,0,3,91,0,10,0,
59DT,59,Mt Thorley Warkworth,3/04/2019,Rehabilitated,D,T,3431,Central Hunter Ironbark Grassy Woodland,2011,4.5,A.salicina,,0,0,90,0,4,4,2,0,30,0,
60AO,60,Mt Thorley Warkworth,3/04/2019,Rehabilitated,A,O,3431,Central Hunter Ironbark Grassy Woodland,2011,,,5,20,0,80,0,0,0,0,0,0,0,
60AT,60,Mt Thorley Warkworth,3/04/2019,Rehabilitated,A,T,3431,Central Hunter Ironbark Grassy Woodland,2011,8,A.salicina,,0,0,97,0,0,3,0,40,50,0,
60BO,60,Mt Thorley Warkworth,3/04/2019,Rehabilitated,B,O,3431,Central Hunter Ironbark Grassy Woodland,2011,,,2,30,0,20,0,10,3,37,0,0,0,
60BT,60,Mt Thorley Warkworth,3/04/2019,Rehabilitated,B,T,3431,Central Hunter Ironbark Grassy Woodland,2011,5,A.salicina,,5,0,93,0,0,2,0,0,40,0,
60CO,60,Mt Thorley Warkworth,3/04/2019,Rehabilitated,C,O,3431,Central Hunter Ironbark Grassy Woodland,2011,,,2,5,0,20,0,2,5,68,0,0,0,
60CT,60,Mt Thorley Warkworth,3/04/2019,Rehabilitated,C,T,3431,Central Hunter Ironbark Grassy Woodland,2011,7,A.salicina,,0,0,100,0,0,0,0,50,40,0,
60DO,60,Mt Thorley Warkworth,3/04/2019,Rehabilitated,D,O,3431,Central Hunter Ironbark Grassy Woodland,2011,,,4,2,0,30,0,0,0,68,0,0,0,
60DT,60,Mt Thorley Warkworth,3/04/2019,Rehabilitated,D,T,3431,Central Hunter Ironbark Grassy Woodland,2011,5,A.salicina,,3,0,97,0,0,0,0,0,60,0,
64AO,64,United,5/04/2019,Rehabilitated,A,O,3431,Central Hunter Ironbark Grassy Woodland,1992,,,1,0,0,100,0,0,0,0,0,5,0,
64AT,64,United,5/04/2019,Rehabilitated,A,T,3431,Central Hunter Ironbark Grassy Woodland,1992,6,C.maculata,,0,0,86,0,1,3,10,0,40,0,
64BO,64,United,5/04/2019,Rehabilitated,B,O,3431,Central Hunter Ironbark Grassy Woodland,1992,,,0.5,0,0,100,0,0,0,0,0,5,0,
64BT,64,United,5/04/2019,Rehabilitated,B,T,3431,Central Hunter Ironbark Grassy Woodland,1992,7,E.cladocalyx,,0,0,100,0,0,0,0,0,50,0,
64CO,64,United,5/04/2019,Rehabilitated,C,O,3431,Central Hunter Ironbark Grassy Woodland,1992,,,0.5,0,0,92,0,3,0,5,0,0,0,
64CT,64,United,5/04/2019,Rehabilitated,C,T,3431,Central Hunter Ironbark Grassy Woodland,1992,8.5,E.spp,,3,0,87,0,0,0,10,0,50,0,
64DO,64,United,5/04/2019,Rehabilitated,D,O,3431,Central Hunter Ironbark Grassy Woodland,1992,,,1,0,0,100,0,0,0,0,0,5,0,
64DT,64,United,5/04/2019,Rehabilitated,D,T,3431,Central Hunter Ironbark Grassy Woodland,1992,8.5,C.maculata,,0,0,100,0,0,0,0,0,80,0,
73AO,73,Mt Owen,8/04/2019,Rehabilitated,A,O,3431,Central Hunter Ironbark Grassy Woodland,2010,,,2,3,0,5,0,0,0,92,0,0,0,
73AT,73,Mt Owen,8/04/2019,Rehabilitated,A,T,3431,Central Hunter Ironbark Grassy Woodland,2010,9,A.implexa,,5,0,10,0,0,2,83,0,20,0,
73BO,73,Mt Owen,8/04/2019,Rehabilitated,B,O,3431,Central Hunter Ironbark Grassy Woodland,2010,,,5,10,0,45,0,0,2,43,0,0,0,
73BT,73,Mt Owen,8/04/2019,Rehabilitated,B,T,3431,Central Hunter Ironbark Grassy Woodland,2010,27,C.maculata,,20,0,80,0,0,0,0,0,90,0,
73CO,73,Mt Owen,8/04/2019,Rehabilitated,C,O,3431,Central Hunter Ironbark Grassy Woodland,2010,,,1.5,10,0,90,0,0,0,0,0,0,0,
73CT,73,Mt Owen,8/04/2019,Rehabilitated,C,T,3431,Central Hunter Ironbark Grassy Woodland,2010,9,C.maculata,,0,0,100,0,0,0,0,0,40,0,
73DO,73,Mt Owen,8/04/2019,Rehabilitated,D,O,3431,Central Hunter Ironbark Grassy Woodland,2010,,,1.5,30,0,65,0,0,0,5,0,0,0,
73DT,73,Mt Owen,8/04/2019,Rehabilitated,D,T,3431,Central Hunter Ironbark Grassy Woodland,2010,14,A.implexa,,1,0,99,0,0,0,0,30,50,0,
81AO,81,Bulga,13/05/2019,Rehabilitated,A,O,3431,Central Hunter Ironbark Grassy Woodland,2014,,,3,5,0,10,0,0,3,82,0,0,0,
81AT,81,Bulga,13/05/2019,Rehabilitated,A,T,3431,Central Hunter Ironbark Grassy Woodland,2014,4,E.dawsonii,,2,0,30,0,0,0,68,50,40,0,
81BO,81,Bulga,13/05/2019,Rehabilitated,B,O,3431,Central Hunter Ironbark Grassy Woodland,2014,,,11,2,0,0,0,0,5,93,0,0,0,
81BT,81,Bulga,13/05/2019,Rehabilitated,B,T,3431,Central Hunter Ironbark Grassy Woodland,2014,5,C.maculata,,20,0,20,0,0,0,60,0,98,0,
81CO,81,Bulga,13/05/2019,Rehabilitated,C,O,3431,Central Hunter Ironbark Grassy Woodland,2014,,,2,10,0,0,0,0,10,80,0,0,0,
81CT,81,Bulga,13/05/2019,Rehabilitated,C,T,3431,Central Hunter Ironbark Grassy Woodland,2014,6,C.maculata,,10,0,30,0,0,0,60,0,90,0,
81DO,81,Bulga,13/05/2019,Rehabilitated,D,O,3431,Central Hunter Ironbark Grassy Woodland,2014,,,2,3,0,5,0,0,2,90,0,0,0,
81DT,81,Bulga,13/05/2019,Rehabilitated,D,T,3431,Central Hunter Ironbark Grassy Woodland,2014,5,C.maculata,,10,0,40,0,0,0,50,0,50,0,
82AO,82,Bulga,13/05/2019,Rehabilitated,A,O,3431,Central Hunter Ironbark Grassy Woodland,2015,,,1.5,33,0,34,0,0,0,33,0,0,0,
82AT,82,Bulga,13/05/2019,Rehabilitated,A,T,3431,Central Hunter Ironbark Grassy Woodland,2015,5,A.salicina,,80,0,20,0,0,0,0,0,90,0,
82BO,82,Bulga,13/05/2019,Rehabilitated,B,O,3431,Central Hunter Ironbark Grassy Woodland,2015,,,1.5,20,0,0,0,0,0,80,0,0,0,
82BT,82,Bulga,13/05/2019,Rehabilitated,B,T,3431,Central Hunter Ironbark Grassy Woodland,2015,5,A.salicina,,40,0,40,0,0,0,20,0,80,0,
82CO,82,Bulga,13/05/2019,Rehabilitated,C,O,3431,Central Hunter Ironbark Grassy Woodland,2015,,,1,10,0,20,0,0,10,60,0,0,0,
82CT,82,Bulga,13/05/2019,Rehabilitated,C,T,3431,Central Hunter Ironbark Grassy Woodland,2015,4.5,C.maculata,,20,0,20,0,0,0,60,0,70,0,
82DO,82,Bulga,13/05/2019,Rehabilitated,D,O,3431,Central Hunter Ironbark Grassy Woodland,2015,,,3,5,0,10,0,0,0,85,0,0,0,
82DT,82,Bulga,13/05/2019,Rehabilitated,D,T,3431,Central Hunter Ironbark Grassy Woodland,2015,4.5,C.maculata,,60,0,20,0,0,0,20,0,40,0,
83AO,83,Bulga,13/05/2019,Rehabilitated,A,O,3431,Central Hunter Ironbark Grassy Woodland,2015,,,1,40,0,5,0,0,20,35,0,0,0,
83AT,83,Bulga,13/05/2019,Rehabilitated,A,T,3431,Central Hunter Ironbark Grassy Woodland,2015,4.5,C.maculata,,80,0,10,0,0,0,10,0,70,0,
83BO,83,Bulga,13/05/2019,Rehabilitated,B,O,3431,Central Hunter Ironbark Grassy Woodland,2015,,,2,5,0,5,0,0,15,75,0,0,0,
83BT,83,Bulga,13/05/2019,Rehabilitated,B,T,3431,Central Hunter Ironbark Grassy Woodland,2015,4.5,C.maculata,,5,0,40,0,0,10,45,0,70,0,
83CO,83,Bulga,13/05/2019,Rehabilitated,C,O,3431,Central Hunter Ironbark Grassy Woodland,2015,,,1,20,0,60,0,5,0,15,0,0,0,
83CT,83,Bulga,13/05/2019,Rehabilitated,C,T,3431,Central Hunter Ironbark Grassy Woodland,2015,4.5,C.maculata,,20,0,40,0,5,0,35,0,80,0,
83DO,83,Bulga,13/05/2019,Rehabilitated,D,O,3431,Central Hunter Ironbark Grassy Woodland,2015,,,3,10,0,10,0,0,5,75,0,0,0,
83DT,83,Bulga,13/05/2019,Rehabilitated,D,T,3431,Central Hunter Ironbark Grassy Woodland,2015,4.5,A.salicina,,1,0,10,0,0,0,89,0,30,0,
88AO,88,Bulga,15/05/2019,Rehabilitated,A,O,3431,Central Hunter Ironbark Grassy Woodland,2013,,,1.5,0,0,60,20,0,3,17,0,0,0,
88AT,88,Bulga,15/05/2019,Rehabilitated,A,T,3431,Central Hunter Ironbark Grassy Woodland,2013,8.5,C.maculata,,1,0,25,54,0,0,20,0,90,0,
88BO,88,Bulga,15/05/2019,Rehabilitated,B,O,3431,Central Hunter Ironbark Grassy Woodland,2013,,,3,0,0,10,30,0,0,60,0,0,0,
88BT,88,Bulga,15/05/2019,Rehabilitated,B,T,3431,Central Hunter Ironbark Grassy Woodland,2013,7,E.moluccana,,1,0,20,30,0,0,49,0,70,0,
88CO,88,Bulga,15/05/2019,Rehabilitated,C,O,3431,Central Hunter Ironbark Grassy Woodland,2013,,,1.5,5,0,80,10,0,0,5,0,0,0,
88CT,88,Bulga,15/05/2019,Rehabilitated,C,T,3431,Central Hunter Ironbark Grassy Woodland,2013,5.5,E.moluccana,,1,0,20,71,0,3,5,0,50,0,
88DO,88,Bulga,15/05/2019,Rehabilitated,D,O,3431,Central Hunter Ironbark Grassy Woodland,2013,,,6,50,0,50,0,0,0,0,0,0,0,
88DT,88,Bulga,15/05/2019,Rehabilitated,D,T,3431,Central Hunter Ironbark Grassy Woodland,2013,5,C.maculata,,0,0,100,0,0,0,0,0,90,0,
89AO,89,Bulga,15/05/2019,Rehabilitated,A,O,3431,Central Hunter Ironbark Grassy Woodland,2013,,,1,10,0,80,0,0,0,10,0,0,0,
89AT,89,Bulga,15/05/2019,Rehabilitated,A,T,3431,Central Hunter Ironbark Grassy Woodland,2013,6,C.maculata,,5,0,86,0,0,4,5,0,50,0,
89BO,89,Bulga,15/05/2019,Rehabilitated,B,O,3431,Central Hunter Ironbark Grassy Woodland,2013,,,1,15,0,85,0,0,0,0,0,0,0,
89BT,89,Bulga,15/05/2019,Rehabilitated,B,T,3431,Central Hunter Ironbark Grassy Woodland,2013,5,E.crebra,,0,0,90,0,0,10,0,0,40,0,
89CO,89,Bulga,15/05/2019,Rehabilitated,C,O,3431,Central Hunter Ironbark Grassy Woodland,2013,,,4,0,0,98,0,0,2,0,0,0,0,
89CT,89,Bulga,15/05/2019,Rehabilitated,C,T,3431,Central Hunter Ironbark Grassy Woodland,2013,6,E.dawsonii,,2,0,98,0,0,0,0,0,60,0,
89DO,89,Bulga,15/05/2019,Rehabilitated,D,O,3431,Central Hunter Ironbark Grassy Woodland,2013,,,3,100,0,0,0,0,0,0,0,0,0,
89DT,89,Bulga,15/05/2019,Rehabilitated,D,T,3431,Central Hunter Ironbark Grassy Woodland,2013,8,C.maculata,,5,0,95,0,0,0,0,0,95,0,
90AO,90,Bulga,15/05/2019,Rehabilitated,A,O,3431,Central Hunter Ironbark Grassy Woodland,2013,,,2,5,0,30,0,0,5,60,0,0,0,
90AT,90,Bulga,15/05/2019,Rehabilitated,A,T,3431,Central Hunter Ironbark Grassy Woodland,2013,8,C.maculata,,1,0,40,0,0,15,44,0,70,0,
90BO,90,Bulga,15/05/2019,Rehabilitated,B,O,3431,Central Hunter Ironbark Grassy Woodland,2013,,,2,70,0,10,0,0,10,10,0,0,0,
90BT,90,Bulga,15/05/2019,Rehabilitated,B,T,3431,Central Hunter Ironbark Grassy Woodland,2013,5,E.moluccana?,,1,0,40,0,0,5,54,0,50,0,
90CO,90,Bulga,15/05/2019,Rehabilitated,C,O,3431,Central Hunter Ironbark Grassy Woodland,2013,,,1.5,3,0,25,0,0,8,64,0,0,0,
90CT,90,Bulga,15/05/2019,Rehabilitated,C,T,3431,Central Hunter Ironbark Grassy Woodland,2013,9,C.maculata,,2,0,78,0,0,10,10,0,90,0,
90DO,90,Bulga,15/05/2019,Rehabilitated,D,O,3431,Central Hunter Ironbark Grassy Woodland,2013,,,1.5,20,0,65,0,0,5,10,0,0,0,
90DT,90,Bulga,15/05/2019,Rehabilitated,D,T,3431,Central Hunter Ironbark Grassy Woodland,2013,6,E.tereticornis,,0,0,30,0,0,5,65,0,50,0,
91AO,91,Bulga,15/05/2019,Rehabilitated,A,O,3431,Central Hunter Ironbark Grassy Woodland,2013,,,3,0,0,10,0,0,0,90,0,0,0,
91AT,91,Bulga,15/05/2019,Rehabilitated,A,T,3431,Central Hunter Ironbark Grassy Woodland,2013,7,E.moluccana,,0,0,2,0,0,0,98,0,70,0,
91BO,91,Bulga,15/05/2019,Rehabilitated,B,O,3431,Central Hunter Ironbark Grassy Woodland,2013,,,4,60,0,30,0,0,0,10,0,0,0,
91BT,91,Bulga,15/05/2019,Rehabilitated,B,T,3431,Central Hunter Ironbark Grassy Woodland,2013,7,C.maculata,,30,0,47,0,0,3,20,0,90,0,
91CO,91,Bulga,15/05/2019,Rehabilitated,C,O,3431,Central Hunter Ironbark Grassy Woodland,2013,,,1,10,0,73,0,0,7,10,0,0,0,
91CT,91,Bulga,15/05/2019,Rehabilitated,C,T,3431,Central Hunter Ironbark Grassy Woodland,2013,9,C.maculata,,0,0,40,0,0,0,60,0,70,0,
91DO,91,Bulga,15/05/2019,Rehabilitated,D,O,3431,Central Hunter Ironbark Grassy Woodland,2013,,,3,25,0,25,0,0,0,50,0,0,0,
91DT,91,Bulga,15/05/2019,Rehabilitated,D,T,3431,Central Hunter Ironbark Grassy Woodland,2013,9,E.moluccana,,0,0,40,0,0,2,58,0,60,0,
92AO,92,Bulga,16/05/2019,Rehabilitated,A,O,3431,Central Hunter Ironbark Grassy Woodland,2007,,,1.5,0,0,80,0,0,0,20,0,0,0,
92AT,92,Bulga,16/05/2019,Rehabilitated,A,T,3431,Central Hunter Ironbark Grassy Woodland,2007,10,E.crebra,,1,0,5,0,0,0,94,0,50,0,
92BO,92,Bulga,16/05/2019,Rehabilitated,B,O,3431,Central Hunter Ironbark Grassy Woodland,2007,,,3,0,0,90,0,0,2,8,0,0,0,
92BT,92,Bulga,16/05/2019,Rehabilitated,B,T,3431,Central Hunter Ironbark Grassy Woodland,2007,20,E.cladocalyx,,0,0,60,0,0,0,40,0,50,0,
92CO,92,Bulga,16/05/2019,Rehabilitated,C,O,3431,Central Hunter Ironbark Grassy Woodland,2007,,,1.5,3,0,85,0,2,0,10,0,0,0,
92CT,92,Bulga,16/05/2019,Rehabilitated,C,T,3431,Central Hunter Ironbark Grassy Woodland,2007,8,C.maculata,,0,0,100,0,0,0,0,0,80,0,
92DO,92,Bulga,16/05/2019,Rehabilitated,D,O,3431,Central Hunter Ironbark Grassy Woodland,2007,,,3,10,0,0,90,0,0,0,0,0,0,
92DT,92,Bulga,16/05/2019,Rehabilitated,D,T,3431,Central Hunter Ironbark Grassy Woodland,2007,16,E.cladocalyx,,0,0,100,0,0,0,0,0,60,0,
93AO,93,Bulga,16/05/2019,Rehabilitated,A,O,3431,Central Hunter Ironbark Grassy Woodland,2015,,,2,10,0,40,0,0,0,50,0,0,0,
93AT,93,Bulga,16/05/2019,Rehabilitated,A,T,3431,Central Hunter Ironbark Grassy Woodland,2015,6,E.camaldulensis,,10,0,67,0,0,3,20,0,60,0,
93BO,93,Bulga,16/05/2019,Rehabilitated,B,O,3431,Central Hunter Ironbark Grassy Woodland,2015,,,3,0,0,5,0,0,5,90,0,0,0,
93BT,93,Bulga,16/05/2019,Rehabilitated,B,T,3431,Central Hunter Ironbark Grassy Woodland,2015,3.5,E.camaldulensis,,10,0,80,0,0,0,10,0,40,0,
93CO,93,Bulga,16/05/2019,Rehabilitated,C,O,3431,Central Hunter Ironbark Grassy Woodland,2015,,,1.5,5,0,10,0,0,0,85,0,0,0,
93CT,93,Bulga,16/05/2019,Rehabilitated,C,T,3431,Central Hunter Ironbark Grassy Woodland,2015,6,C.maculata,,10,0,10,0,0,5,75,0,90,0,
93DO,93,Bulga,16/05/2019,Rehabilitated,D,O,3431,Central Hunter Ironbark Grassy Woodland,2015,,,3,80,0,15,0,0,0,5,0,0,0,
93DT,93,Bulga,16/05/2019,Rehabilitated,D,T,3431,Central Hunter Ironbark Grassy Woodland,2015,3.5,E.crebra,,5,0,95,0,0,0,0,0,30,0,
51AO,51,Belford,29/03/2019,Reference,A,O,3315,Central Hunter Ironbark-Spotted Gum Forest,NA,,,5,1,0,89,0,0,0,10,0,0,0,
51AT,51,Belford,29/03/2019,Reference,A,T,3315,Central Hunter Ironbark-Spotted Gum Forest,NA,31,E.moluccana,,3,0,97,0,0,0,0,0,40,0,
51BO,51,Belford,29/03/2019,Reference,B,O,3315,Central Hunter Ironbark-Spotted Gum Forest,NA,,,2,7,0,88,0,0,0,5,0,5,0,
51BT,51,Belford,29/03/2019,Reference,B,T,3315,Central Hunter Ironbark-Spotted Gum Forest,NA,15,C.maculata,,3,0,97,0,0,0,0,0,40,0,
51CO,51,Belford,29/03/2019,Reference,C,O,3315,Central Hunter Ironbark-Spotted Gum Forest,NA,,,1.5,1,0,99,0,0,0,0,0,50,0,
51CT,51,Belford,29/03/2019,Reference,C,T,3315,Central Hunter Ironbark-Spotted Gum Forest,NA,34,C.maculata,,0,0,100,0,0,0,0,0,30,0,
51DO,51,Belford,29/03/2019,Reference,D,O,3315,Central Hunter Ironbark-Spotted Gum Forest,NA,,,2.5,1,0,99,0,0,0,0,0,5,0,
51DT,51,Belford,29/03/2019,Reference,D,T,3315,Central Hunter Ironbark-Spotted Gum Forest,NA,22,C.maculata,,2,0,98,0,0,0,0,0,70,0,
52AO,52,Belford,29/03/2019,Reference,A,O,3315,Central Hunter Ironbark-Spotted Gum Forest,NA,,,4,3,0,87,0,0,0,10,0,30,0,
52AT,52,Belford,29/03/2019,Reference,A,T,3315,Central Hunter Ironbark-Spotted Gum Forest,NA,19,E.moluccana,,10,0,90,0,0,0,0,0,40,0,
52BO,52,Belford,29/03/2019,Reference,B,O,3315,Central Hunter Ironbark-Spotted Gum Forest,NA,,,3,50,0,50,0,0,0,0,0,0,0,
52BT,52,Belford,29/03/2019,Reference,B,T,3315,Central Hunter Ironbark-Spotted Gum Forest,NA,19.5,E.moluccana,,5,0,95,0,0,0,0,0,80,0,
52CO,52,Belford,29/03/2019,Reference,C,O,3315,Central Hunter Ironbark-Spotted Gum Forest,NA,,,3,4,0,96,0,0,0,0,5,30,0,
52CT,52,Belford,29/03/2019,Reference,C,T,3315,Central Hunter Ironbark-Spotted Gum Forest,NA,7,C.maculata,,0,0,100,0,0,0,0,0,80,0,
52DO,52,Belford,29/03/2019,Reference,D,O,3315,Central Hunter Ironbark-Spotted Gum Forest,NA,,,2.5,2,0,88,0,0,0,10,0,0,0,
52DT,52,Belford,29/03/2019,Reference,D,T,3315,Central Hunter Ironbark-Spotted Gum Forest,NA,48,C.maculata,,0,0,100,0,0,0,0,5,30,0,
53AO,53,Belford,29/03/2019,Reference,A,O,3315,Central Hunter Ironbark-Spotted Gum Forest,NA,,,2.5,1,0,99,0,0,0,0,0,0,0,
53AT,53,Belford,29/03/2019,Reference,A,T,3315,Central Hunter Ironbark-Spotted Gum Forest,NA,25,E.fibrosa,,0,0,100,0,0,0,0,0,30,0,
53BO,53,Belford,29/03/2019,Reference,B,O,3315,Central Hunter Ironbark-Spotted Gum Forest,NA,,,2.5,0,0,100,0,0,0,0,0,5,0,
53BT,53,Belford,29/03/2019,Reference,B,T,3315,Central Hunter Ironbark-Spotted Gum Forest,NA,22,E.fibrosa,,10,0,90,0,0,0,0,0,80,0,
53CO,53,Belford,29/03/2019,Reference,C,O,3315,Central Hunter Ironbark-Spotted Gum Forest,NA,,,2,1,0,99,0,0,0,0,0,0,0,
53CT,53,Belford,29/03/2019,Reference,C,T,3315,Central Hunter Ironbark-Spotted Gum Forest,NA,8,C.maculata,,1,0,99,0,0,0,0,0,40,0,
53DO,53,Belford,29/03/2019,Reference,D,O,3315,Central Hunter Ironbark-Spotted Gum Forest,NA,,,2,0,0,100,0,0,0,0,0,0,0,
53DT,53,Belford,29/03/2019,Reference,D,T,3315,Central Hunter Ironbark-Spotted Gum Forest,NA,7,C.maculata,,1,0,96,0,0,0,3,0,40,0,
68AO,68,Mt Owen,7/04/2019,Reference,A,O,3315,Central Hunter Ironbark-Spotted Gum Forest,NA,,,1.5,10,0,90,0,0,0,0,0,10,0,
68AT,68,Mt Owen,7/04/2019,Reference,A,T,3315,Central Hunter Ironbark-Spotted Gum Forest,NA,12.5,E.fibrosa,,1,0,99,0,0,0,0,0,50,0,
68BO,68,Mt Owen,7/04/2019,Reference,B,O,3315,Central Hunter Ironbark-Spotted Gum Forest,NA,,,4,1,0,98,0,1,0,0,0,0,0,
68BT,68,Mt Owen,7/04/2019,Reference,B,T,3315,Central Hunter Ironbark-Spotted Gum Forest,NA,30,C.maculata,,10,0,90,0,0,0,0,0,60,0,
68CO,68,Mt Owen,7/04/2019,Reference,C,O,3315,Central Hunter Ironbark-Spotted Gum Forest,NA,,,5,0,0,60,0,0,5,35,0,0,0,
68CT,68,Mt Owen,7/04/2019,Reference,C,T,3315,Central Hunter Ironbark-Spotted Gum Forest,NA,23,C.maculata,,3,0,97,0,0,0,0,0,50,0,
68DO,68,Mt Owen,7/04/2019,Reference,D,O,3315,Central Hunter Ironbark-Spotted Gum Forest,NA,,,4,5,0,84,0,0,1,10,0,10,0,
68DT,68,Mt Owen,7/04/2019,Reference,D,T,3315,Central Hunter Ironbark-Spotted Gum Forest,NA,19,E.crebra,,5,0,86,0,1,4,4,0,40,0,
69AO,69,Mt Owen,7/04/2019,Reference,A,O,3315,Central Hunter Ironbark-Spotted Gum Forest,NA,,,2.5,30,0,70,0,0,0,0,0,10,0,
69AT,69,Mt Owen,7/04/2019,Reference,A,T,3315,Central Hunter Ironbark-Spotted Gum Forest,NA,11.5,E.crebra,,30,0,70,0,0,0,0,0,40,0,
69BO,69,Mt Owen,7/04/2019,Reference,B,O,3315,Central Hunter Ironbark-Spotted Gum Forest,NA,,,1.5,20,0,80,0,0,0,0,0,5,0,
69BT,69,Mt Owen,7/04/2019,Reference,B,T,3315,Central Hunter Ironbark-Spotted Gum Forest,NA,38,E.crebra,,2,60,33,0,0,0,5,0,5,0,
69CO,69,Mt Owen,7/04/2019,Reference,C,O,3315,Central Hunter Ironbark-Spotted Gum Forest,NA,,,3,10,0,90,0,0,0,0,0,5,0,
69CT,69,Mt Owen,7/04/2019,Reference,C,T,3315,Central Hunter Ironbark-Spotted Gum Forest,NA,31,C.maculata,,10,0,10,0,0,0,80,0,40,0,
69DO,69,Mt Owen,7/04/2019,Reference,D,O,3315,Central Hunter Ironbark-Spotted Gum Forest,NA,,,2,10,0,70,0,0,0,20,0,0,0,
69DT,69,Mt Owen,7/04/2019,Reference,D,T,3315,Central Hunter Ironbark-Spotted Gum Forest,NA,28,C.maculata,,37,0,50,0,3,0,10,0,30,0,
70AO,70,Mt Owen,7/04/2019,Reference,A,O,3315,Central Hunter Ironbark-Spotted Gum Forest,NA,,,2,10,0,90,0,0,0,0,0,0,0,
70AT,70,Mt Owen,7/04/2019,Reference,A,T,3315,Central Hunter Ironbark-Spotted Gum Forest,NA,15,E.crebra,,70,0,10,0,0,0,20,0,30,0,
70BO,70,Mt Owen,7/04/2019,Reference,B,O,3315,Central Hunter Ironbark-Spotted Gum Forest,NA,,,1.5,2,0,98,0,0,0,0,0,0,0,
70BT,70,Mt Owen,7/04/2019,Reference,B,T,3315,Central Hunter Ironbark-Spotted Gum Forest,NA,17,E.fibrosa,,15,0,80,0,0,0,5,0,40,0,
70CO,70,Mt Owen,7/04/2019,Reference,C,O,3315,Central Hunter Ironbark-Spotted Gum Forest,NA,,,2,40,0,60,0,0,0,0,0,0,0,
70CT,70,Mt Owen,7/04/2019,Reference,C,T,3315,Central Hunter Ironbark-Spotted Gum Forest,NA,20,E.crebra,,15,0,80,0,0,0,5,0,40,0,
70DO,70,Mt Owen,7/04/2019,Reference,D,O,3315,Central Hunter Ironbark-Spotted Gum Forest,NA,,,3.5,60,0,40,0,0,0,0,0,0,0,
70DT,70,Mt Owen,7/04/2019,Reference,D,T,3315,Central Hunter Ironbark-Spotted Gum Forest,NA,26,E.fibrosa,,50,0,50,0,0,0,0,0,50,0,
71AO,71,Mt Owen,7/04/2019,Reference,A,O,3315,Central Hunter Ironbark-Spotted Gum Forest,NA,,,2.5,20,0,80,0,0,0,0,0,0,0,
71AT,71,Mt Owen,7/04/2019,Reference,A,T,3315,Central Hunter Ironbark-Spotted Gum Forest,NA,25,C.maculata,,3,0,77,0,0,0,20,0,40,0,
71BO,71,Mt Owen,7/04/2019,Reference,B,O,3315,Central Hunter Ironbark-Spotted Gum Forest,NA,,,2,10,0,90,0,0,0,0,0,40,0,
71BT,71,Mt Owen,7/04/2019,Reference,B,T,3315,Central Hunter Ironbark-Spotted Gum Forest,NA,32,C.maculata,,0,0,90,0,0,0,10,0,60,0,
71CO,71,Mt Owen,7/04/2019,Reference,C,O,3315,Central Hunter Ironbark-Spotted Gum Forest,NA,,,4,60,0,40,0,0,0,0,0,0,0,
71CT,71,Mt Owen,7/04/2019,Reference,C,T,3315,Central Hunter Ironbark-Spotted Gum Forest,NA,17,C.maculata,,10,0,90,0,0,0,0,0,50,0,
71DO,71,Mt Owen,7/04/2019,Reference,D,O,3315,Central Hunter Ironbark-Spotted Gum Forest,NA,,,3,10,0,90,0,0,0,0,0,0,0,
71DT,71,Mt Owen,7/04/2019,Reference,D,T,3315,Central Hunter Ironbark-Spotted Gum Forest,NA,14,E.fibrosa,,2,0,98,0,0,0,0,0,80,0,
77AO,77,Mt Owen,9/04/2019,Reference,A,O,3315,Central Hunter Ironbark-Spotted Gum Forest,NA,,,4,0,0,55,0,0,5,40,0,0,0,
77AT,77,Mt Owen,9/04/2019,Reference,A,T,3315,Central Hunter Ironbark-Spotted Gum Forest,NA,10,E.crebra,,30,0,65,0,0,0,5,0,5,0,
77BO,77,Mt Owen,9/04/2019,Reference,B,O,3315,Central Hunter Ironbark-Spotted Gum Forest,NA,,,4,5,0,90,0,1,2,2,0,0,0,
77BT,77,Mt Owen,9/04/2019,Reference,B,T,3315,Central Hunter Ironbark-Spotted Gum Forest,NA,8,C.maculata,,1,0,74,0,0,0,25,0,10,0,
77CO,77,Mt Owen,9/04/2019,Reference,C,O,3315,Central Hunter Ironbark-Spotted Gum Forest,NA,,,2.5,5,0,35,0,0,0,60,0,0,0,
77CT,77,Mt Owen,9/04/2019,Reference,C,T,3315,Central Hunter Ironbark-Spotted Gum Forest,NA,24,E.fibrosa,,1,0,99,0,0,0,0,0,30,0,
77DO,77,Mt Owen,9/04/2019,Reference,D,O,3315,Central Hunter Ironbark-Spotted Gum Forest,NA,,,3,20,0,75,0,0,0,5,0,5,0,
77DT,77,Mt Owen,9/04/2019,Reference,D,T,3315,Central Hunter Ironbark-Spotted Gum Forest,NA,25,E.fibrosa,,1,0,59,0,0,0,40,0,40,0,
78AO,78,Mt Owen,9/04/2019,Reference,A,O,3315,Central Hunter Ironbark-Spotted Gum Forest,NA,,,3,5,0,95,0,0,0,0,0,10,0,
78AT,78,Mt Owen,9/04/2019,Reference,A,T,3315,Central Hunter Ironbark-Spotted Gum Forest,NA,27,C.maculata,,5,0,95,0,0,0,0,0,30,0,
78BO,78,Mt Owen,9/04/2019,Reference,B,O,3315,Central Hunter Ironbark-Spotted Gum Forest,NA,,,2.5,1,0,99,0,0,0,0,0,0,0,
78BT,78,Mt Owen,9/04/2019,Reference,B,T,3315,Central Hunter Ironbark-Spotted Gum Forest,NA,18,C.maculata,,0,0,95,0,0,0,5,0,70,0,
78CO,78,Mt Owen,9/04/2019,Reference,C,O,3315,Central Hunter Ironbark-Spotted Gum Forest,NA,,,2,3,0,77,0,0,0,20,0,10,0,
78CT,78,Mt Owen,9/04/2019,Reference,C,T,3315,Central Hunter Ironbark-Spotted Gum Forest,NA,24,C.maculata,,1,0,99,0,0,0,0,0,40,0,
78DO,78,Mt Owen,9/04/2019,Reference,D,O,3315,Central Hunter Ironbark-Spotted Gum Forest,NA,,,4,6,0,94,0,0,0,0,0,0,0,
78DT,78,Mt Owen,9/04/2019,Reference,D,T,3315,Central Hunter Ironbark-Spotted Gum Forest,NA,NA,C.maculata,,7,0,73,0,0,0,20,0,60,0,
79AO,79,Mt Owen,9/04/2019,Reference,A,O,3315,Central Hunter Ironbark-Spotted Gum Forest,NA,,,3,3,0,97,0,0,0,0,0,5,0,
79AT,79,Mt Owen,9/04/2019,Reference,A,T,3315,Central Hunter Ironbark-Spotted Gum Forest,NA,15,C.maculata,,7,0,78,0,0,0,15,0,50,0,
79BO,79,Mt Owen,9/04/2019,Reference,B,O,3315,Central Hunter Ironbark-Spotted Gum Forest,NA,,,1.5,5,0,95,0,0,0,0,0,10,0,
79BT,79,Mt Owen,9/04/2019,Reference,B,T,3315,Central Hunter Ironbark-Spotted Gum Forest,NA,32,E.fibrosa,,0,0,100,0,0,0,0,0,40,0,
79CO,79,Mt Owen,9/04/2019,Reference,C,O,3315,Central Hunter Ironbark-Spotted Gum Forest,NA,,,1,1,0,99,0,0,0,0,0,5,0,
79CT,79,Mt Owen,9/04/2019,Reference,C,T,3315,Central Hunter Ironbark-Spotted Gum Forest,NA,18,E.fibrosa,,0,0,100,0,0,0,0,0,70,0,
79DO,79,Mt Owen,9/04/2019,Reference,D,O,3315,Central Hunter Ironbark-Spotted Gum Forest,NA,,,1,0,0,90,0,0,0,10,0,5,0,
79DT,79,Mt Owen,9/04/2019,Reference,D,T,3315,Central Hunter Ironbark-Spotted Gum Forest,NA,18,E.fibrosa,,2,0,98,0,0,0,0,2,60,0,
80AO,80,Mt Owen,11/04/2019,Reference,A,O,3315,Central Hunter Ironbark-Spotted Gum Forest,NA,,,3,4,0,86,0,0,0,10,10,0,0,
80AT,80,Mt Owen,10/04/2019,Reference,A,T,3315,Central Hunter Ironbark-Spotted Gum Forest,NA,9,E.crebra,,5,0,95,0,0,0,0,0,40,0,
80BO,80,Mt Owen,13/04/2019,Reference,B,O,3315,Central Hunter Ironbark-Spotted Gum Forest,NA,,,3,3,0,10,0,0,0,87,0,0,0,
80BT,80,Mt Owen,12/04/2019,Reference,B,T,3315,Central Hunter Ironbark-Spotted Gum Forest,NA,10,E.crebra,,4,0,96,0,0,0,0,10,30,0,
80CO,80,Mt Owen,15/04/2019,Reference,C,O,3315,Central Hunter Ironbark-Spotted Gum Forest,NA,,,0.5,5,0,95,0,0,0,0,0,5,0,
80CT,80,Mt Owen,14/04/2019,Reference,C,T,3315,Central Hunter Ironbark-Spotted Gum Forest,NA,5,E.crebra,,80,0,20,0,0,0,0,0,40,0,
80DO,80,Mt Owen,17/04/2019,Reference,D,O,3315,Central Hunter Ironbark-Spotted Gum Forest,NA,,,1,3,0,97,0,0,0,0,0,10,0,
80DT,80,Mt Owen,16/04/2019,Reference,D,T,3315,Central Hunter Ironbark-Spotted Gum Forest,NA,10,E.crebra,,2,0,98,0,0,0,0,30,40,0,
85AO,85,Bulga,14/05/2019,Reference,A,O,3315,Central Hunter Ironbark-Spotted Gum Forest,NA,,,1,5,0,50,0,0,0,45,0,10,0,
85AT,85,Bulga,14/05/2019,Reference,A,T,3315,Central Hunter Ironbark-Spotted Gum Forest,NA,30,E.crebra,,20,0,79,0,1,0,0,0,50,0,
85BO,85,Bulga,14/05/2019,Reference,B,O,3315,Central Hunter Ironbark-Spotted Gum Forest,NA,,,4,10,0,30,0,0,0,60,0,0,0,
85BT,85,Bulga,14/05/2019,Reference,B,T,3315,Central Hunter Ironbark-Spotted Gum Forest,NA,22,E.crebra,,5,0,90,0,0,0,5,0,50,0,
85CO,85,Bulga,14/05/2019,Reference,C,O,3315,Central Hunter Ironbark-Spotted Gum Forest,NA,,,1,1,0,30,0,0,0,69,0,10,0,
85CT,85,Bulga,14/05/2019,Reference,C,T,3315,Central Hunter Ironbark-Spotted Gum Forest,NA,29,E.crebra,,5,0,60,0,5,0,30,0,50,0,
85DO,85,Bulga,14/05/2019,Reference,D,O,3315,Central Hunter Ironbark-Spotted Gum Forest,NA,,,2,5,0,60,0,0,0,35,0,0,0,
85DT,85,Bulga,14/05/2019,Reference,D,T,3315,Central Hunter Ironbark-Spotted Gum Forest,NA,14,E.crebra,,1,0,89,0,0,0,10,0,50,0,
87AO,87,Bulga,14/05/2019,Reference,A,O,3315,Central Hunter Ironbark-Spotted Gum Forest,NA,,,1.5,1,0,99,0,0,0,0,0,0,0,
87AT,87,Bulga,14/05/2019,Reference,A,T,3315,Central Hunter Ironbark-Spotted Gum Forest,NA,35,C.maculata,,0,0,80,0,0,0,20,0,40,0,
87BO,87,Bulga,14/05/2019,Reference,B,O,3315,Central Hunter Ironbark-Spotted Gum Forest,NA,,,4,0,0,5,0,0,10,85,0,0,0,
87BT,87,Bulga,14/05/2019,Reference,B,T,3315,Central Hunter Ironbark-Spotted Gum Forest,NA,20,C.maculata,,0,0,100,0,0,0,0,0,60,0,
87CO,87,Bulga,14/05/2019,Reference,C,O,3315,Central Hunter Ironbark-Spotted Gum Forest,NA,,,3,0,0,60,0,0,5,35,0,0,0,
87CT,87,Bulga,14/05/2019,Reference,C,T,3315,Central Hunter Ironbark-Spotted Gum Forest,NA,22,C.maculata,,5,0,95,0,0,0,0,0,80,0,
87DO,87,Bulga,14/05/2019,Reference,D,O,3315,Central Hunter Ironbark-Spotted Gum Forest,NA,,,2,1,0,90,0,0,6,3,0,0,0,
87DT,87,Bulga,14/05/2019,Reference,D,T,3315,Central Hunter Ironbark-Spotted Gum Forest,NA,14,E.tereticornis,,1,0,99,0,0,0,0,0,50,0,
65AO,65,Mt Owen,6/04/2019,Rehabilitated,A,O,3315,Central Hunter Ironbark-Spotted Gum Forest,1998,,,1.5,0,0,100,0,0,0,0,0,30,0,
65AT,65,Mt Owen,6/04/2019,Rehabilitated,A,T,3315,Central Hunter Ironbark-Spotted Gum Forest,1998,12,C.maculata,,1,0,99,0,0,0,0,0,90,0,
65BO,65,Mt Owen,6/04/2019,Rehabilitated,B,O,3315,Central Hunter Ironbark-Spotted Gum Forest,1998,,,2,0,0,100,0,0,0,0,0,5,0,
65BT,65,Mt Owen,6/04/2019,Rehabilitated,B,T,3315,Central Hunter Ironbark-Spotted Gum Forest,1998,11.5,E.moluccana,,0,0,100,0,0,0,0,0,30,0,
65CO,65,Mt Owen,6/04/2019,Rehabilitated,C,O,3315,Central Hunter Ironbark-Spotted Gum Forest,1998,,,1.5,1,0,99,0,0,0,0,0,0,0,
65CT,65,Mt Owen,6/04/2019,Rehabilitated,C,T,3315,Central Hunter Ironbark-Spotted Gum Forest,1998,9,C.maculata,,5,0,95,0,0,0,0,0,60,0,
65DO,65,Mt Owen,6/04/2019,Rehabilitated,D,O,3315,Central Hunter Ironbark-Spotted Gum Forest,1998,,,2,1,0,99,0,0,0,0,0,0,0,
65DT,65,Mt Owen,6/04/2019,Rehabilitated,D,T,3315,Central Hunter Ironbark-Spotted Gum Forest,1998,no data,C.maculata,,1,0,99,0,0,0,0,0,70,0,
66AO,66,Mt Owen,6/04/2019,Rehabilitated,A,O,3315,Central Hunter Ironbark-Spotted Gum Forest,1998,,,1,0,0,100,0,0,0,0,0,0,0,
66AT,66,Mt Owen,6/04/2019,Rehabilitated,A,T,3315,Central Hunter Ironbark-Spotted Gum Forest,1998,15,A.implexa,,10,0,90,0,0,0,0,0,50,0,
66BO,66,Mt Owen,6/04/2019,Rehabilitated,B,O,3315,Central Hunter Ironbark-Spotted Gum Forest,1998,,,1,20,0,80,0,0,0,0,0,10,0,
66BT,66,Mt Owen,6/04/2019,Rehabilitated,B,T,3315,Central Hunter Ironbark-Spotted Gum Forest,1998,22,C.maculata,,15,0,85,0,0,0,0,0,95,0,
66CO,66,Mt Owen,6/04/2019,Rehabilitated,C,O,3315,Central Hunter Ironbark-Spotted Gum Forest,1998,,,3,2,0,98,0,0,0,0,0,10,0,
66CT,66,Mt Owen,6/04/2019,Rehabilitated,C,T,3315,Central Hunter Ironbark-Spotted Gum Forest,1998,15,A.concurrens,,0,0,100,0,0,0,0,0,40,0,
66DO,66,Mt Owen,6/04/2019,Rehabilitated,D,O,3315,Central Hunter Ironbark-Spotted Gum Forest,1998,,,3.5,50,0,50,0,0,0,0,0,5,0,
66DT,66,Mt Owen,6/04/2019,Rehabilitated,D,T,3315,Central Hunter Ironbark-Spotted Gum Forest,1998,17,A.concurrens,,5,0,85,0,0,0,10,0,80,0,
67AO,67,Mt Owen,6/04/2019,Rehabilitated,A,O,3315,Central Hunter Ironbark-Spotted Gum Forest,2009,,,2.5,30,0,45,0,0,5,20,0,0,0,
67AT,67,Mt Owen,6/04/2019,Rehabilitated,A,T,3315,Central Hunter Ironbark-Spotted Gum Forest,2009,8,C.maculata,,1,0,99,0,0,0,0,0,100,0,
67BO,67,Mt Owen,6/04/2019,Rehabilitated,B,O,3315,Central Hunter Ironbark-Spotted Gum Forest,2009,,,2.5,0,0,5,0,0,0,95,0,0,0,
67BT,67,Mt Owen,6/04/2019,Rehabilitated,B,T,3315,Central Hunter Ironbark-Spotted Gum Forest,2009,10,C.maculata,,1,0,99,0,0,0,0,10,60,0,
67CO,67,Mt Owen,6/04/2019,Rehabilitated,C,O,3315,Central Hunter Ironbark-Spotted Gum Forest,2009,,,1.5,15,0,75,0,0,0,10,0,0,0,
67CT,67,Mt Owen,6/04/2019,Rehabilitated,C,T,3315,Central Hunter Ironbark-Spotted Gum Forest,2009,12,A.implexa,,5,0,95,0,0,0,0,0,70,0,
67DO,67,Mt Owen,6/04/2019,Rehabilitated,D,O,3315,Central Hunter Ironbark-Spotted Gum Forest,2009,,,3,30,0,65,0,0,0,5,0,0,0,
67DT,67,Mt Owen,6/04/2019,Rehabilitated,D,T,3315,Central Hunter Ironbark-Spotted Gum Forest,2009,9,E.crebra,,10,0,85,0,0,0,5,0,40,0,
72AO,72,Mt Owen,8/04/2019,Rehabilitated,A,O,3315,Central Hunter Ironbark-Spotted Gum Forest,2010,,,0.5,1,0,99,0,0,0,0,0,0,0,
72AT,72,Mt Owen,8/04/2019,Rehabilitated,A,T,3315,Central Hunter Ironbark-Spotted Gum Forest,2010,9,C.maculata,,1,0,99,0,0,0,0,0,80,0,
72BO,72,Mt Owen,8/04/2019,Rehabilitated,B,O,3315,Central Hunter Ironbark-Spotted Gum Forest,2010,,,1,0,0,50,0,5,0,45,0,0,0,
72BT,72,Mt Owen,8/04/2019,Rehabilitated,B,T,3315,Central Hunter Ironbark-Spotted Gum Forest,2010,9,C.maculata,,0,0,100,0,0,0,0,0,70,0,
72CO,72,Mt Owen,8/04/2019,Rehabilitated,C,O,3315,Central Hunter Ironbark-Spotted Gum Forest,2010,,,2,1,0,10,0,0,2,87,0,0,0,
72CT,72,Mt Owen,8/04/2019,Rehabilitated,C,T,3315,Central Hunter Ironbark-Spotted Gum Forest,2010,13,C.maculata,,3,0,97,0,0,0,0,0,70,0,
72DO,72,Mt Owen,8/04/2019,Rehabilitated,D,O,3315,Central Hunter Ironbark-Spotted Gum Forest,2010,,,1,5,0,90,0,0,0,5,0,0,0,
72DT,72,Mt Owen,8/04/2019,Rehabilitated,D,T,3315,Central Hunter Ironbark-Spotted Gum Forest,2010,11,E.fibrosa,,20,0,80,0,0,0,0,0,80,0,
74AO,74,Mt Owen,8/04/2019,Rehabilitated,A,O,3315,Central Hunter Ironbark-Spotted Gum Forest,2007,,,1.5,15,0,10,0,0,0,75,0,0,0,
74AT,74,Mt Owen,8/04/2019,Rehabilitated,A,T,3315,Central Hunter Ironbark-Spotted Gum Forest,2007,6.5,A.parvipanula,,50,0,25,0,0,0,25,0,30,0,
74BO,74,Mt Owen,8/04/2019,Rehabilitated,B,O,3315,Central Hunter Ironbark-Spotted Gum Forest,2007,,,1,80,0,10,0,0,0,10,0,0,0,
74BT,74,Mt Owen,8/04/2019,Rehabilitated,B,T,3315,Central Hunter Ironbark-Spotted Gum Forest,2007,5,A.parvipanula,,30,0,70,0,0,0,0,0,30,0,
74CO,74,Mt Owen,8/04/2019,Rehabilitated,C,O,3315,Central Hunter Ironbark-Spotted Gum Forest,2007,,,3,30,0,10,0,0,0,60,0,0,0,
74CT,74,Mt Owen,8/04/2019,Rehabilitated,C,T,3315,Central Hunter Ironbark-Spotted Gum Forest,2007,15,E.tereticornis,,20,0,80,0,0,0,0,0,70,0,
74DO,74,Mt Owen,8/04/2019,Rehabilitated,D,O,3315,Central Hunter Ironbark-Spotted Gum Forest,2007,,,4,5,0,45,0,0,0,50,0,0,0,
74DT,74,Mt Owen,8/04/2019,Rehabilitated,D,T,3315,Central Hunter Ironbark-Spotted Gum Forest,2007,7,A.parvipanula,,30,0,35,0,0,0,35,0,20,0,
75AO,75,Mt Owen,8/04/2019,Rehabilitated,A,O,3315,Central Hunter Ironbark-Spotted Gum Forest,2006,,,6,2,0,98,0,0,0,0,0,0,0,
75AT,75,Mt Owen,8/04/2019,Rehabilitated,A,T,3315,Central Hunter Ironbark-Spotted Gum Forest,2006,16,C.maculata,,1,0,99,0,0,0,0,0,50,0,
75BO,75,Mt Owen,8/04/2019,Rehabilitated,B,O,3315,Central Hunter Ironbark-Spotted Gum Forest,2006,,,2,1,0,99,0,0,0,0,0,0,0,
75BT,75,Mt Owen,8/04/2019,Rehabilitated,B,T,3315,Central Hunter Ironbark-Spotted Gum Forest,2006,11,C.maculata,,0,0,95,0,0,0,5,0,40,0,
75CO,75,Mt Owen,8/04/2019,Rehabilitated,C,O,3315,Central Hunter Ironbark-Spotted Gum Forest,2006,,,10,70,0,30,0,0,0,0,0,0,0,
75CT,75,Mt Owen,8/04/2019,Rehabilitated,C,T,3315,Central Hunter Ironbark-Spotted Gum Forest,2006,5,A.parvipanula,,1,0,99,0,0,0,0,50,0,0,
75DO,75,Mt Owen,8/04/2019,Rehabilitated,D,O,3315,Central Hunter Ironbark-Spotted Gum Forest,2006,,,1.5,5,0,95,0,0,0,0,0,5,0,
75DT,75,Mt Owen,8/04/2019,Rehabilitated,D,T,3315,Central Hunter Ironbark-Spotted Gum Forest,2006,11,C.maculata,,0,0,100,0,0,0,0,0,60,0,
76AO,76,Mt Owen,8/04/2019,Rehabilitated,A,O,3315,Central Hunter Ironbark-Spotted Gum Forest,2007,,,1,30,0,60,0,0,0,10,0,0,0,
76AT,76,Mt Owen,8/04/2019,Rehabilitated,A,T,3315,Central Hunter Ironbark-Spotted Gum Forest,2007,4.5,A.parvipanula,,10,0,40,0,0,0,50,50,0,0,
76BO,76,Mt Owen,8/04/2019,Rehabilitated,B,O,3315,Central Hunter Ironbark-Spotted Gum Forest,2007,,,2,30,0,35,0,0,0,35,0,0,0,
76BT,76,Mt Owen,8/04/2019,Rehabilitated,B,T,3315,Central Hunter Ironbark-Spotted Gum Forest,2007,18,C.maculata,,1,0,99,0,0,0,0,0,80,0,
76CO,76,Mt Owen,8/04/2019,Rehabilitated,C,O,3315,Central Hunter Ironbark-Spotted Gum Forest,2007,,,4,15,0,75,0,0,0,10,0,0,0,
76CT,76,Mt Owen,8/04/2019,Rehabilitated,C,T,3315,Central Hunter Ironbark-Spotted Gum Forest,2007,20,C.maculata,,2,0,93,0,0,0,5,0,90,0,
76DO,76,Mt Owen,8/04/2019,Rehabilitated,D,O,3315,Central Hunter Ironbark-Spotted Gum Forest,2007,,,4,20,0,80,0,0,0,0,0,0,0,
76DT,76,Mt Owen,8/04/2019,Rehabilitated,D,T,3315,Central Hunter Ironbark-Spotted Gum Forest,2007,33,E.punctata,,1,0,1,0,0,0,98,0,70,0,
1AO,1,Mangoola Mine,4/03/2019,Reference,A,O,3485,Central Hunter Slaty Gum Grassy Forest,NA,,,4,0,0,100,0,0,0,0,0,30,0,
1AT,1,Mangoola Mine,4/03/2019,Reference,A,T,3485,Central Hunter Slaty Gum Grassy Forest,NA,33,,,0,0,50,0,0,40,10,0,30,0,
1BO,1,Mangoola Mine,4/03/2019,Reference,B,O,3485,Central Hunter Slaty Gum Grassy Forest,NA,,,4.5,0,0,10,0,0,1,89,0,10,0,
1BT,1,Mangoola Mine,4/03/2019,Reference,B,T,3485,Central Hunter Slaty Gum Grassy Forest,NA,33,,,0,0,90,0,0,0,10,0,60,0,
1CO,1,Mangoola Mine,4/03/2019,Reference,C,O,3485,Central Hunter Slaty Gum Grassy Forest,NA,,,1.5,1,0,60,0,0,0,39,0,20,0,
1CT,1,Mangoola Mine,4/03/2019,Reference,C,T,3485,Central Hunter Slaty Gum Grassy Forest,NA,52,,,0,0,100,0,0,0,0,0,40,0,
1DO,1,Mangoola Mine,4/03/2019,Reference,D,O,3485,Central Hunter Slaty Gum Grassy Forest,NA,,,5,1,0,94,0,0,0,5,0,30,0,
1DT,1,Mangoola Mine,4/03/2019,Reference,D,T,3485,Central Hunter Slaty Gum Grassy Forest,NA,21,,,1,0,99,0,0,0,0,0,30,0,
2AO,2,Mangoola Mine,4/03/2019,Reference,A,O,3485,Central Hunter Slaty Gum Grassy Forest,NA,,,2,3,0,40,0,0,0,57,0,10,0,
2AT,2,Mangoola Mine,4/03/2019,Reference,A,T,3485,Central Hunter Slaty Gum Grassy Forest,NA,9,,,5,0,95,0,0,0,0,0,10,0,
2BO,2,Mangoola Mine,4/03/2019,Reference,B,O,3485,Central Hunter Slaty Gum Grassy Forest,NA,,,2,0,0,80,0,0,0,20,0,10,0,
2BT,2,Mangoola Mine,4/03/2019,Reference,B,T,3485,Central Hunter Slaty Gum Grassy Forest,NA,6,,,1,0,99,0,0,0,0,0,30,0,
2CO,2,Mangoola Mine,4/03/2019,Reference,C,O,3485,Central Hunter Slaty Gum Grassy Forest,NA,,,2,1,0,4,0,0,0,95,0,0,0,
2CT,2,Mangoola Mine,4/03/2019,Reference,C,T,3485,Central Hunter Slaty Gum Grassy Forest,NA,10,,,1,0,94,0,0,0,5,0,40,0,
2DO,2,Mangoola Mine,4/03/2019,Reference,D,O,3485,Central Hunter Slaty Gum Grassy Forest,NA,,,2,2,0,60,0,0,0,38,0,10,0,
2DT,2,Mangoola Mine,4/03/2019,Reference,D,T,3485,Central Hunter Slaty Gum Grassy Forest,NA,12,,,0,0,100,0,0,0,0,0,40,0,
7AO,7,Mangoola Mine,6/03/2019,Reference,A,O,3485,Central Hunter Slaty Gum Grassy Forest,NA,,,6,2,0,90,0,0,0,8,0,0,0,
7AT,7,Mangoola Mine,6/03/2019,Reference,A,T,3485,Central Hunter Slaty Gum Grassy Forest,NA,36,,,10,0,90,0,0,0,0,0,10,0,
7BO,7,Mangoola Mine,6/03/2019,Reference,B,O,3485,Central Hunter Slaty Gum Grassy Forest,NA,,,2.5,3,0,90,0,0,0,7,0,10,0,
7BT,7,Mangoola Mine,6/03/2019,Reference,B,T,3485,Central Hunter Slaty Gum Grassy Forest,NA,16,,,1,0,99,0,0,0,0,0,20,0,
7CO,7,Mangoola Mine,6/03/2019,Reference,C,O,3485,Central Hunter Slaty Gum Grassy Forest,NA,,,3,20,0,70,0,0,0,10,0,30,0,
7CT,7,Mangoola Mine,6/03/2019,Reference,C,T,3485,Central Hunter Slaty Gum Grassy Forest,NA,35,,,0,0,100,0,0,0,0,0,50,0,
7DO,7,Mangoola Mine,6/03/2019,Reference,D,O,3485,Central Hunter Slaty Gum Grassy Forest,NA,,,4,25,0,75,0,0,0,0,0,0,0,
7DT,7,Mangoola Mine,6/03/2019,Reference,D,T,3485,Central Hunter Slaty Gum Grassy Forest,NA,37,,,0,0,100,0,0,0,0,0,50,0,
8AO,8,Mangoola Mine,6/03/2019,Reference,A,O,3485,Central Hunter Slaty Gum Grassy Forest,NA,,,4,1,0,99,0,0,0,0,0,30,0,
8AT,8,Mangoola Mine,6/03/2019,Reference,A,T,3485,Central Hunter Slaty Gum Grassy Forest,NA,44,,,0,0,100,0,0,0,0,0,40,0,
8BO,8,Mangoola Mine,6/03/2019,Reference,B,O,3485,Central Hunter Slaty Gum Grassy Forest,NA,,,5,0,0,90,0,0,0,10,0,0,0,
8BT,8,Mangoola Mine,6/03/2019,Reference,B,T,3485,Central Hunter Slaty Gum Grassy Forest,NA,31,,,0,0,100,0,0,0,0,0,40,0,
8CO,8,Mangoola Mine,6/03/2019,Reference,C,O,3485,Central Hunter Slaty Gum Grassy Forest,NA,,,5,1,0,94,0,0,0,5,0,30,0,
8CT,8,Mangoola Mine,6/03/2019,Reference,C,T,3485,Central Hunter Slaty Gum Grassy Forest,NA,23,E.moluccana,,2,0,98,0,0,0,0,0,50,0,
8DO,8,Mangoola Mine,6/03/2019,Reference,D,O,3485,Central Hunter Slaty Gum Grassy Forest,NA,,,2,10,0,90,0,0,0,0,0,40,0,
8DT,8,Mangoola Mine,6/03/2019,Reference,D,T,3485,Central Hunter Slaty Gum Grassy Forest,NA,39,,,0,0,100,0,0,0,0,0,40,0,
9AO,9,Mangoola Mine,6/03/2019,Reference,A,O,3485,Central Hunter Slaty Gum Grassy Forest,NA,,,3,4,0,96,0,0,0,0,0,20,0,
9AT,9,Mangoola Mine,6/03/2019,Reference,A,T,3485,Central Hunter Slaty Gum Grassy Forest,NA,34,,,0,0,60,0,0,40,0,0,40,0,
9BO,9,Mangoola Mine,6/03/2019,Reference,B,O,3485,Central Hunter Slaty Gum Grassy Forest,NA,,,6,3,0,87,0,0,0,10,0,0,0,
9BT,9,Mangoola Mine,6/03/2019,Reference,B,T,3485,Central Hunter Slaty Gum Grassy Forest,NA,39,,,0,0,100,0,0,0,0,0,50,0,
9CO,9,Mangoola Mine,6/03/2019,Reference,C,O,3485,Central Hunter Slaty Gum Grassy Forest,NA,,,10,1,0,95,0,0,0,4,0,0,0,
9CT,9,Mangoola Mine,6/03/2019,Reference,C,T,3485,Central Hunter Slaty Gum Grassy Forest,NA,44,,,0,0,100,0,0,0,0,0,30,0,
9DO,9,Mangoola Mine,6/03/2019,Reference,D,O,3485,Central Hunter Slaty Gum Grassy Forest,NA,,,5,3,0,97,0,0,0,0,0,10,0,
9DT,9,Mangoola Mine,6/03/2019,Reference,D,T,3485,Central Hunter Slaty Gum Grassy Forest,NA,27,,,0,0,90,0,0,0,10,0,60,0,
10AO,10,Mangoola Mine,6/03/2019,Reference,A,O,3485,Central Hunter Slaty Gum Grassy Forest,NA,,,2,5,0,75,0,0,0,20,0,10,0,
10AT,10,Mangoola Mine,6/03/2019,Reference,A,T,3485,Central Hunter Slaty Gum Grassy Forest,NA,16,E.moluccana,,5,0,85,0,0,0,10,0,50,0,
10BO,10,Mangoola Mine,6/03/2019,Reference,B,O,3485,Central Hunter Slaty Gum Grassy Forest,NA,,,3,0,0,80,0,0,0,20,0,5,0,
10BT,10,Mangoola Mine,6/03/2019,Reference,B,T,3485,Central Hunter Slaty Gum Grassy Forest,NA,14,E.moluccana,,0,0,95,0,0,0,5,0,50,0,
10CO,10,Mangoola Mine,6/03/2019,Reference,C,O,3485,Central Hunter Slaty Gum Grassy Forest,NA,,,1,6,0,84,0,0,0,10,0,10,0,
10CT,10,Mangoola Mine,6/03/2019,Reference,C,T,3485,Central Hunter Slaty Gum Grassy Forest,NA,5,E.moluccana,,6,0,94,0,0,0,0,0,30,0,
10DO,10,Mangoola Mine,6/03/2019,Reference,D,O,3485,Central Hunter Slaty Gum Grassy Forest,NA,,,1,30,0,60,0,0,0,10,0,5,0,
10DT,10,Mangoola Mine,6/03/2019,Reference,D,T,3485,Central Hunter Slaty Gum Grassy Forest,NA,10,E.moluccana,,7,0,83,0,0,0,10,0,50,0,
11AO,11,Mangoola Mine,6/03/2019,Reference,A,O,3485,Central Hunter Slaty Gum Grassy Forest,NA,,,7,0,0,100,0,0,0,0,0,30,0,
11AT,11,Mangoola Mine,6/03/2019,Reference,A,T,3485,Central Hunter Slaty Gum Grassy Forest,NA,59,E.dawsonii,,0,0,60,0,0,0,40,0,40,0,
11BO,11,Mangoola Mine,6/03/2019,Reference,B,O,3485,Central Hunter Slaty Gum Grassy Forest,NA,,,1,0,0,100,0,0,0,0,0,40,0,
11BT,11,Mangoola Mine,6/03/2019,Reference,B,T,3485,Central Hunter Slaty Gum Grassy Forest,NA,11,,,0,0,100,0,0,0,0,0,50,0,
11CO,11,Mangoola Mine,6/03/2019,Reference,C,O,3485,Central Hunter Slaty Gum Grassy Forest,NA,,,3,0,0,100,0,0,0,0,0,10,0,
11CT,11,Mangoola Mine,6/03/2019,Reference,C,T,3485,Central Hunter Slaty Gum Grassy Forest,NA,31,,,15,0,0,0,0,0,85,0,40,0,
11DO,11,Mangoola Mine,6/03/2019,Reference,D,O,3485,Central Hunter Slaty Gum Grassy Forest,NA,,,5,0,0,40,0,0,0,60,0,10,0,
11DT,11,Mangoola Mine,6/03/2019,Reference,D,T,3485,Central Hunter Slaty Gum Grassy Forest,NA,25,,,1,0,99,0,0,0,0,0,60,0,
19AO,19,Mangoola Mine,8/03/2019,Reference,A,O,3485,Central Hunter Slaty Gum Grassy Forest,NA,,,3,3,0,97,0,0,0,0,0,10,0,
19AT,19,Mangoola Mine,8/03/2019,Reference,A,T,3485,Central Hunter Slaty Gum Grassy Forest,NA,23,E.dawsonii,,5,0,95,0,0,0,0,0,40,0,
19BO,19,Mangoola Mine,8/03/2019,Reference,B,O,3485,Central Hunter Slaty Gum Grassy Forest,NA,,,5,3,0,97,0,0,0,0,0,0,0,
19BT,19,Mangoola Mine,8/03/2019,Reference,B,T,3485,Central Hunter Slaty Gum Grassy Forest,NA,26,,,0,0,100,0,0,0,0,0,30,0,
19CO,19,Mangoola Mine,8/03/2019,Reference,C,O,3485,Central Hunter Slaty Gum Grassy Forest,NA,,,4,1,0,79,0,0,0,20,0,0,0,
19CT,19,Mangoola Mine,8/03/2019,Reference,C,T,3485,Central Hunter Slaty Gum Grassy Forest,NA,30,E.dawsonii,,1,0,30,0,0,0,69,0,40,0,
19DO,19,Mangoola Mine,8/03/2019,Reference,D,O,3485,Central Hunter Slaty Gum Grassy Forest,NA,,,6,1,0,69,0,0,0,30,0,0,0,
19DT,19,Mangoola Mine,8/03/2019,Reference,D,T,3485,Central Hunter Slaty Gum Grassy Forest,NA,36,E.moluccana,,40,0,60,0,0,0,0,0,50,0,
24AO,24,Mangoola Mine,12/03/2019,Reference,A,O,3485,Central Hunter Slaty Gum Grassy Forest,NA,,,2,5,0,40,0,50,0,5,0,0,0,
24AT,24,Mangoola Mine,12/03/2019,Reference,A,T,3485,Central Hunter Slaty Gum Grassy Forest,NA,51,E.dawsonii,,0,0,100,0,0,0,0,0,50,0,
24BO,24,Mangoola Mine,12/03/2019,Reference,B,O,3485,Central Hunter Slaty Gum Grassy Forest,NA,,,4,0,0,100,0,0,0,0,0,10,0,
24BT,24,Mangoola Mine,12/03/2019,Reference,B,T,3485,Central Hunter Slaty Gum Grassy Forest,NA,63,,,0,0,90,0,0,0,10,0,60,0,
24CO,24,Mangoola Mine,12/03/2019,Reference,C,O,3485,Central Hunter Slaty Gum Grassy Forest,NA,,,8,1,0,89,0,0,0,10,0,0,0,
24CT,24,Mangoola Mine,12/03/2019,Reference,C,T,3485,Central Hunter Slaty Gum Grassy Forest,NA,39,E.dawsonii,,0,0,100,0,0,0,0,0,50,0,
24DO,24,Mangoola Mine,12/03/2019,Reference,D,O,3485,Central Hunter Slaty Gum Grassy Forest,NA,,,2,1,0,89,0,0,0,10,0,10,0,
24DT,24,Mangoola Mine,12/03/2019,Reference,D,T,3485,Central Hunter Slaty Gum Grassy Forest,NA,104,,,0,0,10,0,0,0,90,0,60,0,
26AO,26,Mangoola Mine,12/03/2019,Reference,A,O,3485,Central Hunter Slaty Gum Grassy Forest,NA,,,3,0,0,100,0,0,0,0,0,20,0,
26AT,26,Mangoola Mine,12/03/2019,Reference,A,T,3485,Central Hunter Slaty Gum Grassy Forest,NA,24,E.dawsonii,,0,0,100,0,0,0,0,0,50,0,
26BO,26,Mangoola Mine,12/03/2019,Reference,B,O,3485,Central Hunter Slaty Gum Grassy Forest,NA,,,1,0,0,100,0,0,0,0,0,20,0,
26BT,26,Mangoola Mine,12/03/2019,Reference,B,T,3485,Central Hunter Slaty Gum Grassy Forest,NA,20,E.dawsonii,,0,0,100,0,0,0,0,0,40,0,
26CO,26,Mangoola Mine,12/03/2019,Reference,C,O,3485,Central Hunter Slaty Gum Grassy Forest,NA,,,3,3,0,97,0,0,0,0,0,40,0,
26CT,26,Mangoola Mine,12/03/2019,Reference,C,T,3485,Central Hunter Slaty Gum Grassy Forest,NA,103,E.dawsonii,,0,0,70,0,0,0,30,40,60,0,
26DO,26,Mangoola Mine,12/03/2019,Reference,D,O,3485,Central Hunter Slaty Gum Grassy Forest,NA,,,4,0,0,100,0,0,0,0,0,0,0,
26DT,26,Mangoola Mine,12/03/2019,Reference,D,T,3485,Central Hunter Slaty Gum Grassy Forest,NA,14,E.dawsonii,,0,0,100,0,0,0,0,0,40,0,
36AO,36,Mangoola Mine,14/03/2019,Reference,A,O,3485,Central Hunter Slaty Gum Grassy Forest,NA,,,2.5,2,0,98,0,0,0,0,0,0,0,
36AT,36,Mangoola Mine,14/03/2019,Reference,A,T,3485,Central Hunter Slaty Gum Grassy Forest,NA,13,E.dawsonii,,0,0,80,0,0,0,20,0,5,0,
36BO,36,Mangoola Mine,14/03/2019,Reference,B,O,3485,Central Hunter Slaty Gum Grassy Forest,NA,,,4,0,0,90,0,0,0,10,0,30,0,
36BT,36,Mangoola Mine,14/03/2019,Reference,B,T,3485,Central Hunter Slaty Gum Grassy Forest,NA,112,E.dawsonii,,0,0,100,0,0,0,0,0,40,0,
36CO,36,Mangoola Mine,14/03/2019,Reference,C,O,3485,Central Hunter Slaty Gum Grassy Forest,NA,,,3,3,0,97,0,0,0,0,0,5,0,
36CT,36,Mangoola Mine,14/03/2019,Reference,C,T,3485,Central Hunter Slaty Gum Grassy Forest,NA,18,E.moluccana,,1,0,99,0,0,0,0,0,50,0,
36DO,36,Mangoola Mine,14/03/2019,Reference,D,O,3485,Central Hunter Slaty Gum Grassy Forest,NA,,,2,3,0,97,0,0,0,0,0,10,0,
36DT,36,Mangoola Mine,14/03/2019,Reference,D,T,3485,Central Hunter Slaty Gum Grassy Forest,NA,13,E.dawsonii,,0,0,100,0,0,0,0,0,50,0,
63AO,63,Jerry's Plains,4/04/2019,Reference,A,O,3485,Central Hunter Slaty Gum Grassy Forest,NA,,,4,0,0,80,0,0,0,20,0,20,0,
63AT,63,Jerry's Plains,4/04/2019,Reference,A,T,3485,Central Hunter Slaty Gum Grassy Forest,NA,68,E.dawsonii,,0,0,100,0,0,0,0,0,10,0,
63BO,63,Jerry's Plains,4/04/2019,Reference,B,O,3485,Central Hunter Slaty Gum Grassy Forest,NA,,,2,5,0,95,0,0,0,0,0,40,0,
63BT,63,Jerry's Plains,4/04/2019,Reference,B,T,3485,Central Hunter Slaty Gum Grassy Forest,NA,30,E.dawsonii,,0,0,100,0,0,0,0,0,40,0,
63CO,63,Jerry's Plains,4/04/2019,Reference,C,O,3485,Central Hunter Slaty Gum Grassy Forest,NA,,,5,0,0,90,0,0,0,10,0,0,0,
63CT,63,Jerry's Plains,4/04/2019,Reference,C,T,3485,Central Hunter Slaty Gum Grassy Forest,NA,30,E.dawsonii,,0,0,100,0,0,0,0,0,50,0,
63DO,63,Jerry's Plains,4/04/2019,Reference,D,O,3485,Central Hunter Slaty Gum Grassy Forest,NA,,,5,0,0,95,0,0,0,5,0,0,0,
63DT,63,Jerry's Plains,4/04/2019,Reference,D,T,3485,Central Hunter Slaty Gum Grassy Forest,NA,27,E.dawsonii,,10,0,90,0,0,0,0,0,50,0,
3AO,3,Mangoola Mine,5/03/2019,Rehabilitated,A,O,3485,Central Hunter Slaty Gum Grassy Forest,2012,,,1,0,0,2,0,0,98,0,0,0,0,
3AT,3,Mangoola Mine,5/03/2019,Rehabilitated,A,T,3485,Central Hunter Slaty Gum Grassy Forest,2012,11,,,3,0,97,0,0,0,0,0,50,0,
3BO,3,Mangoola Mine,5/03/2019,Rehabilitated,B,O,3485,Central Hunter Slaty Gum Grassy Forest,2012,,,1.5,0,0,50,0,0,50,0,0,0,0,
3BT,3,Mangoola Mine,5/03/2019,Rehabilitated,B,T,3485,Central Hunter Slaty Gum Grassy Forest,2012,7,,,0,0,100,0,0,0,0,0,80,0,
3CO,3,Mangoola Mine,5/03/2019,Rehabilitated,C,O,3485,Central Hunter Slaty Gum Grassy Forest,2012,,,3,0,0,3,0,0,97,0,0,30,0,
3CT,3,Mangoola Mine,5/03/2019,Rehabilitated,C,T,3485,Central Hunter Slaty Gum Grassy Forest,2012,11,,,0,0,100,0,0,0,0,30,40,0,
3DO,3,Mangoola Mine,5/03/2019,Rehabilitated,D,O,3485,Central Hunter Slaty Gum Grassy Forest,2012,,,2.5,5,0,5,0,0,10,80,0,0,0,
3DT,3,Mangoola Mine,5/03/2019,Rehabilitated,D,T,3485,Central Hunter Slaty Gum Grassy Forest,2012,7,A.salicina,,1,0,86,0,0,5,8,0,80,0,
4AO,4,Mangoola Mine,5/03/2019,Rehabilitated,A,O,3485,Central Hunter Slaty Gum Grassy Forest,2011,,,5,0,0,10,0,0,0,90,0,5,0,
4AT,4,Mangoola Mine,5/03/2019,Rehabilitated,A,T,3485,Central Hunter Slaty Gum Grassy Forest,2011,8,,,0,0,50,0,0,0,50,0,80,0,
4BO,4,Mangoola Mine,5/03/2019,Rehabilitated,B,O,3485,Central Hunter Slaty Gum Grassy Forest,2011,,,1.5,0,0,40,0,0,20,40,0,0,0,
4BT,4,Mangoola Mine,5/03/2019,Rehabilitated,B,T,3485,Central Hunter Slaty Gum Grassy Forest,2011,6,,,0,0,80,0,0,2,18,0,80,0,
4CO,4,Mangoola Mine,5/03/2019,Rehabilitated,C,O,3485,Central Hunter Slaty Gum Grassy Forest,2011,,,4,0,0,5,0,0,0,95,40,0,0,
4CT,4,Mangoola Mine,5/03/2019,Rehabilitated,C,T,3485,Central Hunter Slaty Gum Grassy Forest,2011,5,A.spectabilis,,0,0,80,0,0,5,15,50,0,0,
4DO,4,Mangoola Mine,5/03/2019,Rehabilitated,D,O,3485,Central Hunter Slaty Gum Grassy Forest,2011,,,1,0,0,1,0,0,1,98,10,0,0,
4DT,4,Mangoola Mine,5/03/2019,Rehabilitated,D,T,3485,Central Hunter Slaty Gum Grassy Forest,2011,5,A.spectabilis,,0,0,40,0,0,0,60,50,0,0,
5AO,5,Mangoola Mine,5/03/2019,Rehabilitated,A,O,3485,Central Hunter Slaty Gum Grassy Forest,2016,,,3,0,0,5,0,0,0,95,0,0,0,
5AT,5,Mangoola Mine,5/03/2019,Rehabilitated,A,T,3485,Central Hunter Slaty Gum Grassy Forest,2016,5.5,,,10,0,5,0,0,10,75,0,50,0,
5BO,5,Mangoola Mine,5/03/2019,Rehabilitated,B,O,3485,Central Hunter Slaty Gum Grassy Forest,2016,,,3,0,0,10,0,0,45,45,10,0,0,
5BT,5,Mangoola Mine,5/03/2019,Rehabilitated,B,T,3485,Central Hunter Slaty Gum Grassy Forest,2016,5,,,20,0,50,0,0,5,25,0,70,0,
5CO,5,Mangoola Mine,5/03/2019,Rehabilitated,C,O,3485,Central Hunter Slaty Gum Grassy Forest,2016,,,4,0,0,5,0,0,10,85,10,0,0,
5CT,5,Mangoola Mine,5/03/2019,Rehabilitated,C,T,3485,Central Hunter Slaty Gum Grassy Forest,2016,3,A.salicina,,10,0,90,0,0,0,0,80,0,0,
5DO,5,Mangoola Mine,5/03/2019,Rehabilitated,D,O,3485,Central Hunter Slaty Gum Grassy Forest,2016,,,5,0,0,10,0,0,40,50,30,0,0,
5DT,5,Mangoola Mine,5/03/2019,Rehabilitated,D,T,3485,Central Hunter Slaty Gum Grassy Forest,2016,4,,,20,0,10,0,0,40,30,0,40,0,
13AO,13,Mangoola Mine,7/03/2019,Rehabilitated,A,O,3485,Central Hunter Slaty Gum Grassy Forest,2011,,,2,0,0,10,0,0,5,85,30,0,0,
13AT,13,Mangoola Mine,7/03/2019,Rehabilitated,A,T,3485,Central Hunter Slaty Gum Grassy Forest,2011,5,A.spectabilis,,0,0,96,0,0,4,0,40,0,0,
13BO,13,Mangoola Mine,7/03/2019,Rehabilitated,B,O,3485,Central Hunter Slaty Gum Grassy Forest,2011,,,2,0,15,85,0,0,0,0,0,0,0,
13BT,13,Mangoola Mine,7/03/2019,Rehabilitated,B,T,3485,Central Hunter Slaty Gum Grassy Forest,2011,14,E.dawsonii,,0,0,5,0,0,2,93,0,60,0,
13CO,13,Mangoola Mine,7/03/2019,Rehabilitated,C,O,3485,Central Hunter Slaty Gum Grassy Forest,2011,,,1,0,0,86,0,0,4,10,10,10,0,
13CT,13,Mangoola Mine,7/03/2019,Rehabilitated,C,T,3485,Central Hunter Slaty Gum Grassy Forest,2011,8,E.moluccana,,0,0,85,0,0,5,10,5,45,0,
13DO,13,Mangoola Mine,7/03/2019,Rehabilitated,D,O,3485,Central Hunter Slaty Gum Grassy Forest,2011,,,1,0,0,90,0,0,0,10,0,0,0,
13DT,13,Mangoola Mine,7/03/2019,Rehabilitated,D,T,3485,Central Hunter Slaty Gum Grassy Forest,2011,6,A.spectabilis,,0,0,90,0,0,10,0,40,0,0,
14AO,14,Mangoola Mine,7/03/2019,Rehabilitated,A,O,3485,Central Hunter Slaty Gum Grassy Forest,2011,,,1.5,0,0,10,0,0,10,80,0,0,0,
14AT,14,Mangoola Mine,7/03/2019,Rehabilitated,A,T,3485,Central Hunter Slaty Gum Grassy Forest,2011,7,E.moluccana,,0,0,95,0,0,0,5,0,60,0,
14BO,14,Mangoola Mine,7/03/2019,Rehabilitated,B,O,3485,Central Hunter Slaty Gum Grassy Forest,2011,,,2,0,0,90,0,0,0,10,20,0,0,
14BT,14,Mangoola Mine,7/03/2019,Rehabilitated,B,T,3485,Central Hunter Slaty Gum Grassy Forest,2011,12,E.crebra,,1,0,40,0,0,1,58,0,80,0,
14CO,14,Mangoola Mine,7/03/2019,Rehabilitated,C,O,3485,Central Hunter Slaty Gum Grassy Forest,2011,,,2.5,0,0,20,0,0,0,80,0,0,0,
14CT,14,Mangoola Mine,7/03/2019,Rehabilitated,C,T,3485,Central Hunter Slaty Gum Grassy Forest,2011,6,E.crebra,,0,0,100,0,0,0,0,0,80,0,
14DO,14,Mangoola Mine,7/03/2019,Rehabilitated,D,O,3485,Central Hunter Slaty Gum Grassy Forest,2011,,,2,0,0,30,0,0,0,70,0,0,0,
14DT,14,Mangoola Mine,7/03/2019,Rehabilitated,D,T,3485,Central Hunter Slaty Gum Grassy Forest,2011,8,E.crebra,,0,0,50,0,0,0,50,0,70,0,
15AO,15,Mangoola Mine,7/03/2019,Rehabilitated,A,O,3485,Central Hunter Slaty Gum Grassy Forest,2011,,,2,0,0,39,0,0,1,60,5,0,0,
15AT,15,Mangoola Mine,7/03/2019,Rehabilitated,A,T,3485,Central Hunter Slaty Gum Grassy Forest,2011,7,E.dawsonii,,1,0,99,0,0,0,0,0,40,0,
15BO,15,Mangoola Mine,7/03/2019,Rehabilitated,B,O,3485,Central Hunter Slaty Gum Grassy Forest,2011,,,2,0,0,10,0,0,10,80,0,0,0,
15BT,15,Mangoola Mine,7/03/2019,Rehabilitated,B,T,3485,Central Hunter Slaty Gum Grassy Forest,2011,8,E.crebra,,0,0,90,0,0,0,10,0,60,0,
15CO,15,Mangoola Mine,7/03/2019,Rehabilitated,C,O,3485,Central Hunter Slaty Gum Grassy Forest,2011,,,2,0,0,5,0,0,5,90,0,0,0,
15CT,15,Mangoola Mine,7/03/2019,Rehabilitated,C,T,3485,Central Hunter Slaty Gum Grassy Forest,2011,10,E.crebra,,1,0,78,0,0,1,20,0,50,0,
15DO,15,Mangoola Mine,7/03/2019,Rehabilitated,D,O,3485,Central Hunter Slaty Gum Grassy Forest,2011,,,2,0,0,5,0,0,3,92,0,0,0,
15DT,15,Mangoola Mine,7/03/2019,Rehabilitated,D,T,3485,Central Hunter Slaty Gum Grassy Forest,2011,9,E.dawsonii,,0,0,45,0,0,10,45,0,50,0,
16AO,16,Mangoola Mine,8/03/2019,Rehabilitated,A,O,3485,Central Hunter Slaty Gum Grassy Forest,2013,,,1.5,2,0,5,0,0,0,93,0,0,0,
16AT,16,Mangoola Mine,8/03/2019,Rehabilitated,A,T,3485,Central Hunter Slaty Gum Grassy Forest,2013,3.5,E.dawsonii,,0,0,70,0,0,0,30,0,40,0,
16BO,16,Mangoola Mine,8/03/2019,Rehabilitated,B,O,3485,Central Hunter Slaty Gum Grassy Forest,2013,,,1.5,0,0,90,0,0,0,10,0,0,0,
16BT,16,Mangoola Mine,8/03/2019,Rehabilitated,B,T,3485,Central Hunter Slaty Gum Grassy Forest,2013,6,E.dawsonii,,0,0,97,0,0,1,2,0,40,0,
16CO,16,Mangoola Mine,8/03/2019,Rehabilitated,C,O,3485,Central Hunter Slaty Gum Grassy Forest,2013,,,1.5,0,0,96,0,0,4,0,0,0,0,
16CT,16,Mangoola Mine,8/03/2019,Rehabilitated,C,T,3485,Central Hunter Slaty Gum Grassy Forest,2013,3.5,A.spectabilis,,1,0,99,0,0,0,0,30,0,0,
16DO,16,Mangoola Mine,8/03/2019,Rehabilitated,D,O,3485,Central Hunter Slaty Gum Grassy Forest,2013,,,3,5,0,5,0,0,30,60,0,0,0,
16DT,16,Mangoola Mine,8/03/2019,Rehabilitated,D,T,3485,Central Hunter Slaty Gum Grassy Forest,2013,3.5,A.spectabilis,,0,0,100,0,0,0,0,30,0,0,
17AO,17,Mangoola Mine,8/03/2019,Rehabilitated,A,O,3485,Central Hunter Slaty Gum Grassy Forest,2012,,,1,0,0,20,0,0,20,60,0,0,0,
17AT,17,Mangoola Mine,8/03/2019,Rehabilitated,A,T,3485,Central Hunter Slaty Gum Grassy Forest,2012,9,E.dawsonii,,0,0,100,0,0,0,0,0,50,0,
17BO,17,Mangoola Mine,8/03/2019,Rehabilitated,B,O,3485,Central Hunter Slaty Gum Grassy Forest,2012,,,no data,0,0,100,0,0,0,0,0,0,0,
17BT,17,Mangoola Mine,8/03/2019,Rehabilitated,B,T,3485,Central Hunter Slaty Gum Grassy Forest,2012,6,E.dawsonii,,10,0,90,0,0,0,0,0,60,0,
17CO,17,Mangoola Mine,8/03/2019,Rehabilitated,C,O,3485,Central Hunter Slaty Gum Grassy Forest,2012,,,no data,20,0,70,0,0,0,10,0,0,0,
17CT,17,Mangoola Mine,8/03/2019,Rehabilitated,C,T,3485,Central Hunter Slaty Gum Grassy Forest,2012,10,E.dawsonii,,0,0,100,0,0,0,0,0,80,0,
17DO,17,Mangoola Mine,8/03/2019,Rehabilitated,D,O,3485,Central Hunter Slaty Gum Grassy Forest,2012,,,no data,0,0,95,0,0,5,0,0,0,0,
17DT,17,Mangoola Mine,8/03/2019,Rehabilitated,D,T,3485,Central Hunter Slaty Gum Grassy Forest,2012,8,E.crebra,,0,0,90,0,0,5,5,0,70,0,
18AO,18,Mangoola Mine,8/03/2019,Rehabilitated,A,O,3485,Central Hunter Slaty Gum Grassy Forest,2013,,,2,0,0,5,0,0,30,65,0,0,0,
18AT,18,Mangoola Mine,8/03/2019,Rehabilitated,A,T,3485,Central Hunter Slaty Gum Grassy Forest,2013,7,A.salicina,,0,0,100,0,0,0,0,60,0,0,
18BO,18,Mangoola Mine,8/03/2019,Rehabilitated,B,O,3485,Central Hunter Slaty Gum Grassy Forest,2013,,,3,0,0,1,0,0,10,89,0,0,0,
18BT,18,Mangoola Mine,8/03/2019,Rehabilitated,B,T,3485,Central Hunter Slaty Gum Grassy Forest,2013,6,E.dawsonii,,0,0,100,0,0,0,0,0,40,0,
18CO,18,Mangoola Mine,8/03/2019,Rehabilitated,C,O,3485,Central Hunter Slaty Gum Grassy Forest,2013,,,2,0,0,10,0,0,10,80,0,0,0,
18CT,18,Mangoola Mine,8/03/2019,Rehabilitated,C,T,3485,Central Hunter Slaty Gum Grassy Forest,2013,6,A.melanoxylon,,0,0,100,0,0,0,0,6,0,0,
18DO,18,Mangoola Mine,8/03/2019,Rehabilitated,D,O,3485,Central Hunter Slaty Gum Grassy Forest,2013,,,4,0,0,0,0,0,30,70,0,0,0,
18DT,18,Mangoola Mine,8/03/2019,Rehabilitated,D,T,3485,Central Hunter Slaty Gum Grassy Forest,2013,8,E.dawsonii,,0,0,95,0,0,0,5,0,40,0,
30AO,30,Mangoola Mine,13/03/2019,Rehabilitated,A,O,3485,Central Hunter Slaty Gum Grassy Forest,2013,,,1.5,0,0,20,0,0,10,70,0,0,0,
30AT,30,Mangoola Mine,13/03/2019,Rehabilitated,A,T,3485,Central Hunter Slaty Gum Grassy Forest,2013,7,E.dawsonii,,0,0,100,0,0,0,0,0,40,0,
30BO,30,Mangoola Mine,13/03/2019,Rehabilitated,B,O,3485,Central Hunter Slaty Gum Grassy Forest,2013,,,2,0,0,70,0,0,20,10,0,0,0,
30BT,30,Mangoola Mine,13/03/2019,Rehabilitated,B,T,3485,Central Hunter Slaty Gum Grassy Forest,2013,5.5,A.spp,,0,0,80,0,0,20,0,30,0,0,
30CO,30,Mangoola Mine,13/03/2019,Rehabilitated,C,O,3485,Central Hunter Slaty Gum Grassy Forest,2013,,,2,0,0,40,0,0,30,30,0,0,0,
30CT,30,Mangoola Mine,13/03/2019,Rehabilitated,C,T,3485,Central Hunter Slaty Gum Grassy Forest,2013,5.5,A.spp,,0,0,80,0,0,20,0,30,0,0,
30DO,30,Mangoola Mine,13/03/2019,Rehabilitated,D,O,3485,Central Hunter Slaty Gum Grassy Forest,2013,,,1,0,0,30,0,0,30,40,0,0,0,
30DT,30,Mangoola Mine,13/03/2019,Rehabilitated,D,T,3485,Central Hunter Slaty Gum Grassy Forest,2013,5,A.parvipanula,,0,0,90,0,0,5,5,30,0,0,
62AO,62,Jerry's Plains,4/04/2019,Reference,A,O,3314,Central Hunter Slopes Grey Box Forest,NA,,,7,40,0,49,0,1,0,10,0,0,0,
62AT,62,Jerry's Plains,4/04/2019,Reference,A,T,3314,Central Hunter Slopes Grey Box Forest,NA,58,E.moluccana,,5,0,95,0,0,0,0,5,60,0,
62BO,62,Jerry's Plains,4/04/2019,Reference,B,O,3314,Central Hunter Slopes Grey Box Forest,NA,,,7,50,0,45,0,0,0,5,0,0,0,
62BT,62,Jerry's Plains,4/04/2019,Reference,B,T,3314,Central Hunter Slopes Grey Box Forest,NA,61.5,E.moluccana,,1,0,99,0,0,0,0,80,20,0,
62CO,62,Jerry's Plains,4/04/2019,Reference,C,O,3314,Central Hunter Slopes Grey Box Forest,NA,,,2,30,0,65,0,0,0,5,0,0,0,
62CT,62,Jerry's Plains,4/04/2019,Reference,C,T,3314,Central Hunter Slopes Grey Box Forest,NA,4.5,E.moluccana,,50,0,50,0,0,0,0,0,70,0,
62DO,62,Jerry's Plains,4/04/2019,Reference,D,O,3314,Central Hunter Slopes Grey Box Forest,NA,,,8,40,0,55,0,0,0,5,0,0,0,
62DT,62,Jerry's Plains,4/04/2019,Reference,D,T,3314,Central Hunter Slopes Grey Box Forest,NA,65,E.moluccana,,0,0,100,0,0,0,0,20,60,0,
55AO,55,Wambo,2/04/2019,Reference,A,O,3438,Hunter Escarpment Footslopes Ironbark Forest,NA,,,3,0,0,90,0,0,0,10,0,5,0,
55AT,55,Wambo,2/04/2019,Reference,A,T,3438,Hunter Escarpment Footslopes Ironbark Forest,NA,31,E.crebra,,0,0,100,0,0,0,0,0,50,0,
55BO,55,Wambo,2/04/2019,Reference,B,O,3438,Hunter Escarpment Footslopes Ironbark Forest,NA,,,3,10,0,85,0,0,0,5,0,40,0,
55BT,55,Wambo,2/04/2019,Reference,B,T,3438,Hunter Escarpment Footslopes Ironbark Forest,NA,41,C.maculata,,1,0,59,0,0,0,40,5,60,0,
55CO,55,Wambo,2/04/2019,Reference,C,O,3438,Hunter Escarpment Footslopes Ironbark Forest,NA,,,2,0,0,100,0,0,0,0,0,30,0,
55CT,55,Wambo,2/04/2019,Reference,C,T,3438,Hunter Escarpment Footslopes Ironbark Forest,NA,40,E.punctata,,0,0,100,0,0,0,0,0,30,0,
55DO,55,Wambo,2/04/2019,Reference,D,O,3438,Hunter Escarpment Footslopes Ironbark Forest,NA,,,5,0,0,50,0,0,0,50,0,20,0,
55DT,55,Wambo,2/04/2019,Reference,D,T,3438,Hunter Escarpment Footslopes Ironbark Forest,NA,31,C.maculata,,0,0,100,0,0,0,0,5,50,0,
56AO,56,Wambo,2/04/2019,Reference,A,O,3438,Hunter Escarpment Footslopes Ironbark Forest,NA,,,1.5,3,0,97,0,0,0,0,0,40,0,
56AT,56,Wambo,2/04/2019,Reference,A,T,3438,Hunter Escarpment Footslopes Ironbark Forest,NA,22,E.crebra,,1,0,49,0,0,0,50,0,50,0,
56BO,56,Wambo,2/04/2019,Reference,B,O,3438,Hunter Escarpment Footslopes Ironbark Forest,NA,,,2.5,1,0,99,0,0,0,0,0,5,0,
56BT,56,Wambo,2/04/2019,Reference,B,T,3438,Hunter Escarpment Footslopes Ironbark Forest,NA,46,E.punctata,,1,0,99,0,0,0,0,0,60,0,
56CO,56,Wambo,2/04/2019,Reference,C,O,3438,Hunter Escarpment Footslopes Ironbark Forest,NA,,,2.5,2,0,83,0,0,0,15,0,40,0,
56CT,56,Wambo,2/04/2019,Reference,C,T,3438,Hunter Escarpment Footslopes Ironbark Forest,NA,11,A.spp,,0,0,50,0,0,0,50,0,40,0,
56DO,56,Wambo,2/04/2019,Reference,D,O,3438,Hunter Escarpment Footslopes Ironbark Forest,NA,,,1,3,0,92,0,0,0,5,0,5,0,
56DT,56,Wambo,2/04/2019,Reference,D,T,3438,Hunter Escarpment Footslopes Ironbark Forest,NA,8,A.spp,,0,0,90,0,0,0,10,0,30,0,
57AO,57,Wambo,2/04/2019,Reference,A,O,3438,Hunter Escarpment Footslopes Ironbark Forest,NA,,,2,0,0,10,0,0,10,80,0,0,0,
57AT,57,Wambo,2/04/2019,Reference,A,T,3438,Hunter Escarpment Footslopes Ironbark Forest,NA,28,E.moluccana,,3,0,77,0,5,0,15,0,40,0,
57BO,57,Wambo,2/04/2019,Reference,B,O,3438,Hunter Escarpment Footslopes Ironbark Forest,NA,,,4,0,0,80,0,0,0,20,0,0,0,
57BT,57,Wambo,2/04/2019,Reference,B,T,3438,Hunter Escarpment Footslopes Ironbark Forest,NA,15,E.moluccana,,1,0,50,0,0,0,49,20,10,0,
57CO,57,Wambo,2/04/2019,Reference,C,O,3438,Hunter Escarpment Footslopes Ironbark Forest,NA,,,2.5,0,0,50,0,0,0,50,0,5,0,
57CT,57,Wambo,2/04/2019,Reference,C,T,3438,Hunter Escarpment Footslopes Ironbark Forest,NA,21,E.moluccana,,0,0,20,0,0,0,80,10,30,0,
57DO,57,Wambo,2/04/2019,Reference,D,O,3438,Hunter Escarpment Footslopes Ironbark Forest,NA,,,0.5,0,0,40,0,0,0,60,0,0,0,
57DT,57,Wambo,2/04/2019,Reference,D,T,3438,Hunter Escarpment Footslopes Ironbark Forest,NA,7,E.moluccana,,0,0,40,0,5,0,55,10,20,0,
86AO,86,Bulga,14/05/2019,Reference,A,O,3438,Hunter Escarpment Footslopes Ironbark Forest,NA,,,3,0,0,100,0,0,0,0,0,0,0,
86AT,86,Bulga,14/05/2019,Reference,A,T,3438,Hunter Escarpment Footslopes Ironbark Forest,NA,31,C.maculata,,2,0,78,0,0,0,20,0,60,0,
86BO,86,Bulga,14/05/2019,Reference,B,O,3438,Hunter Escarpment Footslopes Ironbark Forest,NA,,,4,5,0,95,0,0,0,0,0,5,0,
86BT,86,Bulga,14/05/2019,Reference,B,T,3438,Hunter Escarpment Footslopes Ironbark Forest,NA,51,C.maculata,,0,0,40,0,0,10,50,0,60,0,
86CO,86,Bulga,14/05/2019,Reference,C,O,3438,Hunter Escarpment Footslopes Ironbark Forest,NA,,,2,5,0,95,0,0,0,0,0,10,0,
86CT,86,Bulga,14/05/2019,Reference,C,T,3438,Hunter Escarpment Footslopes Ironbark Forest,NA,59,C.maculata,,0,0,100,0,0,0,0,0,60,0,
86DO,86,Bulga,14/05/2019,Reference,D,O,3438,Hunter Escarpment Footslopes Ironbark Forest,NA,,,2,5,0,95,0,0,0,0,0,10,0,
86DT,86,Bulga,14/05/2019,Reference,D,T,3438,Hunter Escarpment Footslopes Ironbark Forest,NA,8,E.crebra,,10,0,90,0,0,0,0,0,40,0,
27AO,27,Mangoola Mine,12/03/2019,Reference,A,O,3757,Hunter Escarpment Ironbark Scrubby Low Forest,NA,,,2,2,0,93,0,0,0,5,0,30,0,
27AT,27,Mangoola Mine,12/03/2019,Reference,A,T,3757,Hunter Escarpment Ironbark Scrubby Low Forest,NA,14,E.crebra,,3,0,87,0,5,0,5,0,40,0,
27BO,27,Mangoola Mine,12/03/2019,Reference,B,O,3757,Hunter Escarpment Ironbark Scrubby Low Forest,NA,,,0.5,0,0,70,0,0,0,30,10,20,0,
27BT,27,Mangoola Mine,12/03/2019,Reference,B,T,3757,Hunter Escarpment Ironbark Scrubby Low Forest,NA,11,E.crebra,,0,0,95,0,0,0,5,20,5,0,
27CO,27,Mangoola Mine,12/03/2019,Reference,C,O,3757,Hunter Escarpment Ironbark Scrubby Low Forest,NA,,,1,1,0,69,0,0,0,30,0,30,0,
27CT,27,Mangoola Mine,12/03/2019,Reference,C,T,3757,Hunter Escarpment Ironbark Scrubby Low Forest,NA,19,E.crebra,,0,0,90,0,0,0,10,0,50,0,
27DO,27,Mangoola Mine,12/03/2019,Reference,D,O,3757,Hunter Escarpment Ironbark Scrubby Low Forest,NA,,,0.5,0,0,90,0,0,0,10,0,0,0,
27DT,27,Mangoola Mine,12/03/2019,Reference,D,T,3757,Hunter Escarpment Ironbark Scrubby Low Forest,NA,8,E.crebra,,0,0,100,0,0,0,0,0,40,0,
28AO,28,Mangoola Mine,12/03/2019,Reference,A,O,3757,Hunter Escarpment Ironbark Scrubby Low Forest,NA,,,6,0,0,20,0,80,0,0,0,0,0,
28AT,28,Mangoola Mine,12/03/2019,Reference,A,T,3757,Hunter Escarpment Ironbark Scrubby Low Forest,NA,18,E.crebra,,3,0,97,0,0,0,0,10,30,0,
28BO,28,Mangoola Mine,12/03/2019,Reference,B,O,3757,Hunter Escarpment Ironbark Scrubby Low Forest,NA,,,0.5,0,0,80,0,20,0,0,0,20,0,
28BT,28,Mangoola Mine,12/03/2019,Reference,B,T,3757,Hunter Escarpment Ironbark Scrubby Low Forest,NA,14,Allocasurina,,0,0,99,0,1,0,0,0,40,0,
28CO,28,Mangoola Mine,12/03/2019,Reference,C,O,3757,Hunter Escarpment Ironbark Scrubby Low Forest,NA,,,1.5,0,0,60,0,40,0,0,0,10,0,
28CT,28,Mangoola Mine,12/03/2019,Reference,C,T,3757,Hunter Escarpment Ironbark Scrubby Low Forest,NA,9,Allocasurina,,0,0,100,0,0,0,0,30,20,0,
28DO,28,Mangoola Mine,12/03/2019,Reference,D,O,3757,Hunter Escarpment Ironbark Scrubby Low Forest,NA,,,1.5,0,0,60,0,40,0,0,0,30,0,
28DT,28,Mangoola Mine,12/03/2019,Reference,D,T,3757,Hunter Escarpment Ironbark Scrubby Low Forest,NA,9,Allocasurina,,0,0,95,0,5,0,0,0,60,0,
