Sample_id,Plot_id,Site_id,Survey_date,Treatment,Patch,PCT_Number,PCT_Name,Establishment,Total_litter_ex_dung,Sticks_bark,Leaves_overstorey,Leaves_understorey,Coarse_frass,Fine_frass,Seeds_fruits,Woodchip,Dung,MIR_HUM%,MIR_POC%,MIR_ROC%,MIR_TOC%,MIR_TN%,Pmg/Kg,pH,ECmicroS/cm,PLFA_Total_biomass,PLFA_Gram+bacteria,PLFA_Gram-bacteria ,PLFA_General_bacteria,PLFA_Actinobacteria,PLFA_Fungi,PLFA_Protozoa,PLFA_Arbuscular_mycorrhizae,PLFA_Fungi:bacteria,Enzymes_AB,Enzymes_BG,Enzymes_CB,Enzymes_NAG,Enzymes_PHO,Enzymes_XYL,Enzymes_LAP,Resp_Water,Resp_Fructose,Resp_Glucose,Resp_Maltose,Resp_Raffinose,Resp_Sucrose,Resp_Threonine,Resp_Xylose,reads_fungi,obs_richness_fungi,chao1_richness_fungi,obs_shannon_fungi,obs_richness_fungi_ArbuscularMycorrhizal,obs_richness_fungi_Ectomycorrhizal,obs_richness_fungi_PlantPathogen,obs_richness_fungi_WoodSaprotroph,obs_richness_fungi_OrchidMycorrhizal,chao1_richness_fungi_ArbuscularMycorrhizal,chao1_richness_fungi_Ectomycorrhizal,chao1_richness_fungi_PlantPathogen,chao1_richness_fungi_WoodSaprotroph,chao1_richness_fungi_OrchidMycorrhizal,obs_shannon_fungi_ArbuscularMycorrhizal,obs_shannon_fungi_Ectomycorrhizal,obs_shannon_fungi_PlantPathogen,obs_shannon_fungi_WoodSaprotroph,obs_shannon_fungi_OrchidMycorrhizal,relabund_fungi_ArbuscularMycorrhizal,relabund_fungi_Ectomycorrhizal,relabund_fungi_PlantPathogen,relabund_fungi_WoodSaprotroph,relabund_fungi_OrchidMycorrhizal,reads_bacteria,obs_richness_bacteria,chao1_richness_bacteria,obs_shannon_bacteria,obs_richness_bacteria_copiotrophic,obs_richness_bacteria_oligotrophic,chao1_richness_bacteria_copiotrophic,chao1_richness_bacteria_oligotrophic,obs_shannon_bacteria_copiotrophic,obs_shannon_bacteria_oligotrophic,relabund_bacteria_copiotrophic,relabund_bacteria_oligotrophic
22O,22,Mangoola Mine,11/03/2019,REFERENCE,O,3431,Central Hunter Ironbark Grassy Woodland,NA,87,30,15,2,30,10,0,0,2,1.59,1.03,1.28,4.10,0.22,10.10,5.33,131.60,13.46,2.61,3.85,1.85,0.98,0.21,0.17,0.22,0.04,20.5,139.5,28.6,65.8,144.5,26.4,0.4,0.340,0.290,0.367,0.399,0.405,0.405,0.377,0.300,18015,632,774.09,5.22,3,17,25,3,1,5.00,32.00,29.08,6.00,1.00,1.040,1.560,2.665,1.099,0.000,0.000,0.086,0.016,0.000,0.000,40971,2064,3804.34,6.85,826,320,1517.43,573.51,5.94,4.79,0.46,0.19
22T,22,Mangoola Mine,11/03/2019,REFERENCE,T,3431,Central Hunter Ironbark Grassy Woodland,NA,123.7,39,22,1,28,33,0.7,0,10.2,1.93,1.29,1.32,4.84,0.31,15.75,5.84,110.60,15.21,2.80,4.59,2.04,1.01,0.43,0.08,0.29,0.08,45.8,237.8,62.6,85.3,220.2,51.4,27.1,0.392,0.395,0.457,0.486,0.493,0.489,0.441,0.355,30718,707,871.38,5.09,4,19,23,14,2,8.50,37.00,25.00,32.00,3.00,1.332,1.645,2.507,1.343,0.693,0.001,0.156,0.009,0.028,0.000,30789,2150,4142.98,6.86,822,425,1543.28,746.32,5.93,5.14,0.43,0.25
23O,23,Mangoola Mine,11/03/2019,REFERENCE,O,3431,Central Hunter Ironbark Grassy Woodland,NA,122.5,28,16,2,25,51,0.5,0,6.5,1.96,1.62,1.66,5.60,0.36,19.46,5.79,64.10,19.00,3.59,5.81,2.65,1.50,0.37,0.08,0.44,0.05,35.2,169.0,21.5,17.6,77.4,22.1,80.6,0.564,0.582,0.622,0.663,0.674,0.670,0.621,0.483,25090,692,878.67,5.28,4,27,20,9,0,4.25,37.00,21.13,15.00,0.00,1.321,2.379,2.498,0.509,0.000,0.001,0.081,0.022,0.035,0.000,56991,2252,4013.20,6.96,835,450,1442.60,735.19,6.01,5.27,0.43,0.22
23T,23,Mangoola Mine,11/03/2019,REFERENCE,T,3431,Central Hunter Ironbark Grassy Woodland,NA,173.1,37,12,11,34,66,1.1,12,2.3,2.08,1.88,1.89,6.60,0.35,20.53,5.29,176.00,18.19,2.82,5.91,2.69,1.03,0.69,0.20,0.34,0.11,6.0,164.6,13.4,35.6,119.1,132.3,95.1,0.510,0.510,0.573,0.630,0.663,0.654,0.555,0.449,16201,693,859.17,5.22,2,21,25,7,1,2.50,25.50,31.40,8.00,1.00,0.637,1.838,2.469,1.425,0.000,0.000,0.079,0.019,0.004,0.000,41937,2116,3806.99,6.89,762,351,1412.25,551.28,5.81,5.08,0.43,0.19
25O,25,Mangoola Mine,12/03/2019,REFERENCE,O,3431,Central Hunter Ironbark Grassy Woodland,NA,404.2,62,38,40,78,133,17.2,36,1.6,2.39,2.21,2.01,7.48,0.30,16.03,5.31,64.40,15.81,2.60,5.37,2.29,0.31,0.60,0.24,0.23,0.10,7.3,123.2,18.2,44.1,116.0,9.1,37.6,0.329,0.347,0.387,0.415,0.431,0.424,0.383,0.293,34920,711,1067.36,4.93,2,36,14,6,1,3.00,46.00,54.50,10.00,1.00,0.693,1.929,2.376,1.733,0.000,0.000,0.136,0.003,0.001,0.000,38818,1908,3410.45,6.58,621,360,1147.21,542.09,5.38,4.92,0.40,0.20
25T,25,Mangoola Mine,12/03/2019,REFERENCE,T,3431,Central Hunter Ironbark Grassy Woodland,NA,765.7,74,42,3,178,303,7.7,158,5.4,2.68,2.39,2.15,8.66,0.34,24.97,5.25,116.60,13.05,2.14,4.14,1.74,0.76,0.64,0.09,0.16,0.14,20.3,195.4,40.4,108.0,166.0,19.6,74.2,0.410,0.303,0.465,0.526,0.540,0.535,0.462,0.346,31713,575,746.13,4.59,0,27,6,12,1,0.00,27.90,9.00,16.17,1.00,0.000,1.907,1.036,1.680,0.000,0.000,0.163,0.007,0.006,0.000,41671,1799,3086.77,6.53,675,347,1140.45,539.53,5.53,4.95,0.45,0.22
37O,37,Mangoola Mine,15/03/2019,REFERENCE,O,3431,Central Hunter Ironbark Grassy Woodland,NA,272.5,99,36,1,72,62,2.5,0,5.3,1.79,1.71,1.30,5.29,0.32,15.34,5.80,94.00,14.86,2.37,4.86,2.16,0.81,0.61,0.23,0.29,0.11,10.8,203.5,63.0,97.8,241.4,19.9,96.7,0.383,0.547,0.632,0.555,0.569,0.627,0.497,0.445,30710,540,620.90,4.84,5,33,17,10,0,5.50,35.67,37.25,12.00,0.00,1.490,2.354,2.434,1.762,0.000,0.002,0.221,0.006,0.016,0.000,36712,2082,4096.45,6.77,765,398,1431.89,726.50,5.75,5.14,0.43,0.21
37T,37,Mangoola Mine,15/03/2019,REFERENCE,T,3431,Central Hunter Ironbark Grassy Woodland,NA,527.3,101,57,1,112,140,3.3,113,6.3,1.99,1.63,1.41,5.76,0.32,17.78,5.46,182.30,13.35,2.20,4.43,2.03,0.75,0.48,0.10,0.16,0.09,52.6,264.3,68.1,77.0,164.4,51.1,29.2,0.353,0.755,0.703,0.631,0.520,0.877,0.467,0.454,28693,726,958.16,5.29,0,25,20,9,0,0.00,75.00,26.13,11.25,0.00,0.000,1.827,1.600,1.153,0.000,0.000,0.141,0.023,0.008,0.000,33499,2018,3892.44,6.78,794,347,1520.68,572.64,5.79,5.06,0.48,0.18
38O,38,Mangoola Mine,15/03/2019,REFERENCE,O,3431,Central Hunter Ironbark Grassy Woodland,NA,187,68,17,1,37,54,1,9,11.7,2.00,1.61,1.21,5.09,0.28,21.86,5.39,220.00,13.84,2.42,4.16,2.10,0.89,0.35,0.13,0.21,0.07,11.3,65.7,12.7,21.1,63.6,12.4,2.7,0.433,0.691,0.812,0.658,0.611,0.865,0.549,0.418,24967,631,815.59,4.87,0,14,30,2,1,0.00,23.00,38.33,2.00,1.00,0.000,1.139,2.791,0.637,0.000,0.000,0.136,0.015,0.001,0.000,25590,1889,3342.13,6.69,747,243,1345.05,449.10,5.65,4.68,0.51,0.12
38T,38,Mangoola Mine,15/03/2019,REFERENCE,T,3431,Central Hunter Ironbark Grassy Woodland,NA,304.5,95,21,0,72,100,1.5,15,7.7,2.60,2.43,1.57,7.24,0.35,27.68,5.27,185.90,17.00,2.63,5.54,2.72,0.95,0.73,0.35,0.25,0.12,4.5,51.0,9.8,24.1,70.1,5.6,20.8,0.457,0.756,0.807,0.731,0.678,0.947,0.640,0.390,38247,619,736.16,4.90,0,19,20,7,1,0.00,25.00,24.50,13.00,1.00,0.000,1.437,2.381,1.129,0.000,0.000,0.145,0.010,0.004,0.001,26180,1931,3216.60,6.76,793,294,1378.00,472.18,5.82,4.95,0.48,0.15
39O,39,Mangoola Mine,15/03/2019,REFERENCE,O,3431,Central Hunter Ironbark Grassy Woodland,NA,669.9,254,35,1,188,181,10.9,0,1.9,2.38,1.62,2.13,7.05,0.38,27.72,6.75,115.00,16.82,2.66,5.35,2.25,1.16,0.44,0.28,0.44,0.07,36.8,276.6,38.6,82.7,245.9,52.9,147.7,0.434,0.769,0.843,0.733,0.726,0.792,0.634,0.403,21599,710,920.11,5.17,2,25,17,17,1,3.00,41.00,26.00,33.00,1.00,0.693,2.010,2.360,1.308,0.000,0.000,0.078,0.009,0.051,0.001,42809,2302,4204.95,7.03,864,460,1428.64,798.72,6.01,5.37,0.46,0.20
39T,39,Mangoola Mine,15/03/2019,REFERENCE,T,3431,Central Hunter Ironbark Grassy Woodland,NA,566.2,231,49,1,137,140,8.2,0,0.5,2.73,1.57,2.20,6.63,0.38,42.37,7.64,206.00,14.05,2.03,4.35,1.92,0.90,0.25,0.29,0.39,0.05,22.3,107.8,14.7,30.5,49.1,20.9,184.2,0.396,0.741,0.763,0.619,0.589,0.772,0.518,0.529,23358,703,835.57,5.39,0,15,30,9,0,0.00,15.67,44.40,9.50,0.00,0.000,2.046,2.937,1.310,0.000,0.000,0.018,0.013,0.016,0.000,31485,2163,4015.58,6.95,779,410,1397.01,737.01,5.80,5.28,0.44,0.21
40O,40,Mt Thorley Warkworth,26/03/2019,REFERENCE,O,3431,Central Hunter Ironbark Grassy Woodland,NA,165.3,19,89,1,24,32,0.3,0,1.2,0.67,0.65,0.38,1.80,0.13,7.59,5.42,24.40,12.57,2.05,4.01,1.84,0.87,0.23,0.18,0.21,0.05,8.3,54.7,11.4,22.1,62.7,12.7,34.3,0.312,0.329,0.352,0.415,0.587,0.542,0.588,0.348,22105,496,666.05,3.74,3,18,21,9,1,5.00,20.67,27.13,15.00,1.00,1.040,0.577,2.424,0.908,0.000,0.000,0.371,0.013,0.020,0.001,45502,1724,2889.37,6.56,451,288,787.40,456.01,5.11,4.82,0.30,0.18
40T,40,Mt Thorley Warkworth,26/03/2019,REFERENCE,T,3431,Central Hunter Ironbark Grassy Woodland,NA,223,60,30,6,60,67,0,0,1.2,0.79,0.79,0.51,2.33,0.16,12.51,5.14,74.60,12.03,1.93,3.95,1.83,0.78,0.34,0.22,0.15,0.08,32.7,192.8,54.4,99.9,245.6,55.5,65.1,0.610,0.566,0.712,0.793,0.943,1.047,0.848,0.759,27886,566,728.66,4.81,7,26,18,11,0,7.00,35.00,20.08,13.25,0.00,1.784,2.090,2.619,1.188,0.000,0.003,0.277,0.007,0.065,0.000,28130,1652,3069.90,6.38,557,239,1038.14,416.01,5.24,4.52,0.41,0.15
41O,41,Mt Thorley Warkworth,26/03/2019,REFERENCE,O,3431,Central Hunter Ironbark Grassy Woodland,NA,252.8,63,23,1,65,96,3.8,1,2.9,0.69,0.64,0.54,2.18,0.14,5.54,5.95,27.00,13.84,2.23,4.24,2.12,0.91,0.46,0.12,0.28,0.09,15.7,126.7,28.1,53.3,111.1,19.6,63.9,0.500,0.479,0.432,0.659,0.664,0.866,0.613,0.494,29974,593,829.55,4.72,0,36,10,7,1,0.00,40.90,34.50,15.00,1.00,0.000,2.458,0.128,1.539,0.000,0.000,0.303,0.076,0.002,0.000,29592,2035,3284.68,6.88,610,419,900.23,692.97,5.77,5.27,0.32,0.24
41T,41,Mt Thorley Warkworth,26/03/2019,REFERENCE,T,3431,Central Hunter Ironbark Grassy Woodland,NA,505,121,29,2,107,202,8,36,0.3,1.27,1.12,0.89,3.87,0.22,10.57,5.49,148.80,9.86,1.59,3.20,1.59,0.57,0.25,0.14,0.11,0.07,12.6,92.4,8.8,97.8,250.0,13.9,151.7,0.559,0.493,0.619,0.653,0.668,0.729,0.741,0.703,26273,674,967.62,4.99,2,32,10,9,1,2.50,42.67,11.50,13.00,1.00,0.637,2.333,2.078,0.511,0.000,0.000,0.139,0.003,0.033,0.001,34466,1813,2951.41,6.70,715,225,1138.56,311.17,5.87,4.13,0.43,0.18
42O,42,Mt Thorley Warkworth,26/03/2019,REFERENCE,O,3431,Central Hunter Ironbark Grassy Woodland,NA,213.8,37,13,0.5,31,33,0.3,99,4.5,1.27,1.01,0.93,3.54,0.20,9.81,5.80,50.40,13.16,2.30,3.99,1.79,0.90,0.27,0.20,0.28,0.06,18.8,98.8,18.9,34.3,113.9,26.5,86.2,0.498,0.521,0.660,0.615,0.691,0.652,0.578,0.440,29208,757,1031.39,4.92,3,45,23,13,0,3.50,53.10,41.75,22.00,0.00,1.011,2.072,3.001,2.220,0.000,0.001,0.308,0.004,0.004,0.000,26294,2029,3570.81,6.77,658,413,1114.96,709.81,5.73,5.24,0.39,0.22
42T,42,Mt Thorley Warkworth,26/03/2019,REFERENCE,T,3431,Central Hunter Ironbark Grassy Woodland,NA,236.8,41,13,1,64,87,1.8,29,1,1.93,1.70,1.53,5.83,0.30,14.45,5.46,169.10,16.38,3.00,4.84,2.70,1.12,0.47,0.13,0.21,0.08,14.1,82.1,19.4,55.3,107.9,19.7,65.3,0.407,0.529,0.646,0.651,0.528,0.694,0.535,0.711,26349,677,893.16,5.04,3,28,12,14,0,6.00,28.90,24.50,18.00,0.00,1.099,1.968,1.545,1.874,0.000,0.000,0.221,0.013,0.014,0.000,28865,38,44.25,2.26,38,0,44.25,0.00,2.26,0.00,1.00,0.00
43O,43,Mt Thorley Warkworth,26/03/2019,REFERENCE,O,3431,Central Hunter Ironbark Grassy Woodland,NA,321.7,82,21,1.7,76,98,2,41,0.9,2.16,1.68,1.48,5.67,0.28,12.49,5.96,86.40,16.40,3.00,5.11,2.11,1.24,0.35,0.25,0.33,0.05,12.8,123.6,22.4,49.9,127.9,21.1,101.1,0.378,0.461,0.447,0.452,0.457,0.451,0.389,0.367,33345,450,694.49,3.49,1,42,7,4,1,1.00,48.40,7.50,4.50,1.00,0.000,2.253,1.802,0.815,0.000,0.000,0.265,0.002,0.003,0.000,41805,2133,3954.62,6.86,664,498,1208.50,730.82,5.87,5.23,0.30,0.35
43T,43,Mt Thorley Warkworth,26/03/2019,REFERENCE,T,3431,Central Hunter Ironbark Grassy Woodland,NA,333.7,52,17,1,81,114,1.7,67,0.6,1.61,1.15,1.08,4.15,0.22,8.90,6.28,107.40,12.87,2.56,3.68,1.58,1.02,0.26,0.22,0.21,0.05,72.2,412.3,111.1,211.4,388.5,75.0,31.3,0.380,0.343,0.459,0.471,0.516,0.523,0.484,0.331,29137,641,861.73,5.16,1,45,16,9,1,1.00,69.00,24.17,11.00,1.00,0.000,2.749,1.823,1.483,0.000,0.000,0.250,0.008,0.010,0.002,30130,1989,3453.51,6.75,650,437,1101.39,633.02,5.75,5.15,0.35,0.28
44O,44,Mt Thorley Warkworth,27/03/2019,REFERENCE,O,3431,Central Hunter Ironbark Grassy Woodland,NA,129,39,12,0.5,33,41,3.5,0,0.9,1.62,1.21,0.94,4.02,0.23,7.81,5.84,65.90,11.60,2.09,3.24,1.51,0.80,0.38,0.18,0.22,0.10,9.1,75.1,19.4,25.5,86.0,13.7,29.3,0.409,0.356,0.455,0.534,0.535,0.531,0.493,0.396,36684,563,701.35,4.67,0,34,14,11,0,0.00,42.10,38.50,15.00,0.00,0.000,1.758,2.409,1.293,0.000,0.000,0.151,0.004,0.009,0.000,34110,2090,3782.93,6.82,620,455,1034.44,776.45,5.70,5.06,0.32,0.29
44T,44,Mt Thorley Warkworth,27/03/2019,REFERENCE,T,3431,Central Hunter Ironbark Grassy Woodland,NA,376.4,73,24,2,116,112,8.4,41,1.6,2.13,1.78,1.19,5.49,0.31,11.79,5.63,94.70,13.79,2.51,4.17,1.85,0.89,0.36,0.29,0.26,0.07,18.9,163.4,44.7,72.1,224.8,39.3,76.6,0.452,0.371,0.508,0.556,0.563,0.552,0.512,0.258,32297,656,845.45,4.77,0,24,20,10,0,0.00,26.00,30.00,14.50,0.00,0.000,1.398,2.509,1.751,0.000,0.000,0.276,0.006,0.012,0.000,48175,2065,3634.68,6.85,621,421,1102.66,742.11,5.73,5.13,0.33,0.26
54O,54,Wambo,1/04/2019,REFERENCE,O,3431,Central Hunter Ironbark Grassy Woodland,NA,77,51,6,1,12,7,0,0,5.2,1.58,1.07,1.12,3.95,0.25,14.11,5.93,132.10,18.25,3.02,5.05,2.79,1.39,0.31,0.10,0.64,0.05,17.3,114.8,21.9,57.5,149.0,24.7,18.7,0.408,0.439,0.502,0.538,0.560,0.574,0.518,0.442,23577,798,1029.92,5.40,11,21,30,10,0,15.17,42.00,35.00,10.50,0.00,2.123,1.021,3.020,1.763,0.000,0.003,0.101,0.011,0.005,0.000,16446,2147,3565.75,6.91,649,449,1027.82,707.76,5.80,5.27,0.31,0.28
54T,54,Wambo,1/04/2019,REFERENCE,T,3431,Central Hunter Ironbark Grassy Woodland,NA,349.5,189,16,2,62,69,5.5,6,6.1,2.90,2.17,2.10,7.70,0.44,29.62,7.96,143.60,27.00,4.37,8.14,3.63,2.01,0.58,0.40,1.01,0.06,42.5,252.8,73.7,145.1,202.3,46.8,46.5,0.467,0.414,0.480,0.507,0.527,0.545,0.515,0.453,37177,725,918.14,5.32,1,8,21,9,1,1.00,8.25,24.00,24.00,1.00,0.000,1.669,2.886,1.472,0.000,0.000,0.007,0.006,0.005,0.000,23723,2010,3332.50,6.83,738,360,1141.31,608.94,5.72,5.06,0.44,0.20
58O,58,Wambo,2/04/2019,REFERENCE,O,3431,Central Hunter Ironbark Grassy Woodland,NA,279.7,14,13,3,219,27,3.7,0,0,1.42,1.21,0.88,3.75,0.24,15.75,5.68,79.80,11.25,1.95,3.32,1.46,0.71,0.34,0.17,0.19,0.09,11.8,92.9,18.4,47.9,109.0,17.5,15.9,0.320,0.338,0.387,0.389,0.398,0.401,0.368,0.293,26608,567,792.01,4.46,2,14,22,12,0,3.00,15.00,42.17,18.25,0.00,0.693,1.120,2.143,1.956,0.000,0.000,0.235,0.015,0.005,0.000,70,1875,2944.40,6.70,666,316,995.54,468.06,5.66,4.77,0.42,0.20
58T,58,Wambo,2/04/2019,REFERENCE,T,3431,Central Hunter Ironbark Grassy Woodland,NA,503.6,73,23,0.5,122,114,9.1,162,0.4,2.02,1.90,1.34,5.78,0.33,20.84,5.51,124.80,16.54,3.17,5.13,2.36,1.10,0.38,0.08,0.28,0.06,30.4,239.8,69.3,130.7,281.7,49.3,49.4,0.446,0.429,0.505,0.551,0.550,0.546,0.478,0.349,29272,706,1028.11,4.90,0,33,17,8,2,0.00,37.90,23.00,9.00,3.00,0.000,2.027,2.276,1.317,0.693,0.000,0.299,0.009,0.009,0.000,24478,1464,1703.69,6.61,531,306,613.15,369.28,5.59,5.05,0.42,0.21
61O,61,Mt Thorley Warkworth,3/04/2019,REFERENCE,O,3431,Central Hunter Ironbark Grassy Woodland,NA,201.2,11,57,10,42,81,0.2,0,1.3,1.72,1.45,1.13,4.70,0.22,19.56,5.67,43.10,21.40,3.90,6.71,3.21,1.60,0.60,0.18,0.40,0.08,14.1,125.5,30.2,41.8,168.0,34.9,42.3,0.338,0.546,0.560,0.522,0.551,0.509,0.453,0.391,34222,786,996.84,5.23,4,29,34,10,3,8.50,38.00,52.00,11.50,3.50,1.332,2.256,3.168,1.342,1.011,0.001,0.239,0.012,0.007,0.001,37957,2026,3743.56,6.76,677,371,1226.04,677.07,5.62,5.07,0.37,0.21
61T,61,Mt Thorley Warkworth,3/04/2019,REFERENCE,T,3431,Central Hunter Ironbark Grassy Woodland,NA,319.3,62,16,3,107,85,1.3,45,1.1,2.17,1.67,1.59,6.36,0.24,27.58,5.08,109.60,14.37,2.38,4.86,2.02,0.97,0.42,0.11,0.16,0.08,15.0,147.4,31.1,79.3,157.9,24.6,169.8,0.473,1.025,1.219,1.259,1.086,1.429,0.674,0.530,32647,612,759.28,5.09,1,28,17,10,0,1.00,52.50,23.00,14.50,0.00,0.000,1.982,2.377,1.557,0.000,0.000,0.123,0.007,0.014,0.000,34457,1713,2707.00,6.53,619,271,959.91,395.08,5.40,4.66,0.44,0.17
84O,84,Bulga,14/05/2019,REFERENCE,O,3431,Central Hunter Ironbark Grassy Woodland,NA,158.1,46,8,2,46,54,0.1,2,17.5,1.72,1.19,1.14,4.44,0.29,13.39,6.14,70.90,18.17,2.73,5.71,2.71,1.09,0.80,0.37,0.44,0.13,94.8,436.8,125.3,180.1,421.0,95.0,172.2,0.362,0.704,0.731,0.633,0.995,1.002,0.500,0.362,19185,589,789.55,4.63,2,27,21,12,0,2.00,36.00,41.17,13.13,0.00,0.562,2.147,0.510,1.630,0.000,0.000,0.230,0.059,0.008,0.000,38399,2370,4548.46,7.04,847,499,1549.12,854.59,6.05,5.37,0.41,0.25
84T,84,Bulga,14/05/2019,REFERENCE,T,3431,Central Hunter Ironbark Grassy Woodland,NA,305.2,94,9,1,81,111,0.2,9,6.4,1.96,1.57,1.28,5.36,0.33,16.53,5.97,63.00,14.48,2.59,4.46,2.06,0.96,0.56,0.14,0.33,0.11,52.4,307.6,101.8,106.7,259.0,59.0,78.6,0.321,0.447,0.609,0.568,0.653,0.660,0.409,0.332,22685,583,749.88,4.75,4,31,18,6,0,8.50,40.00,19.60,7.00,0.00,1.332,2.266,2.806,0.176,0.000,0.001,0.243,0.005,0.039,0.000,45538,2242,4416.45,6.92,746,450,1518.58,781.03,5.82,5.21,0.38,0.25
94O,94,Bulga,16/05/2019,REFERENCE,O,3431,Central Hunter Ironbark Grassy Woodland,NA,381.8,124,10,1,104,137,5.8,0,9.4,2.02,1.40,1.26,5.13,0.33,22.71,6.59,70.40,18.89,3.04,5.82,2.53,1.55,0.72,0.13,0.47,0.10,89.6,514.1,126.8,128.2,528.7,123.1,268.4,0.325,0.375,0.397,0.329,0.406,0.418,0.347,0.218,23658,717,912.41,4.92,10,16,26,11,1,12.67,16.00,31.06,15.50,1.00,2.181,1.707,2.573,2.105,0.000,0.002,0.146,0.011,0.005,0.000,43367,2156,3857.84,6.88,752,479,1294.78,759.49,5.89,5.12,0.40,0.28
94T,94,Bulga,16/05/2019,REFERENCE,T,3431,Central Hunter Ironbark Grassy Woodland,NA,559.4,195,7,2,165,159,7.4,24,8.7,2.99,1.94,2.13,7.69,0.47,61.82,7.20,132.90,20.26,3.24,6.49,2.77,1.52,0.54,0.31,0.60,0.07,37.8,195.3,38.1,72.6,131.6,47.7,314.8,0.360,0.341,0.436,0.398,0.483,0.499,0.437,0.337,27184,786,1042.36,5.23,0,26,31,20,1,0.00,32.00,38.20,28.10,1.00,0.000,1.288,1.884,2.606,0.000,0.000,0.086,0.032,0.007,0.000,43653,2167,3762.35,6.93,808,415,1313.03,689.82,5.91,5.05,0.42,0.22
12O,12,Mangoola Mine,7/03/2019,REHAB,O,3431,Central Hunter Ironbark Grassy Woodland,2011,37.7,2,2,2,8,23,0.7,0,1,0.98,0.37,0.57,2.06,0.14,24.11,7.45,108.50,13.43,2.15,3.26,2.01,1.04,0.45,0.24,0.29,0.11,40.0,160.3,33.8,48.0,102.8,37.8,18.2,0.342,0.354,0.447,0.510,0.464,0.516,0.446,0.278,33280,451,571.37,4.64,10,1,26,4,0,10.00,1.00,42.00,4.50,0.00,1.208,0.000,2.411,0.788,0.000,0.035,0.000,0.028,0.004,0.000,59979,1941,3195.68,6.75,798,274,1231.23,429.17,5.83,4.68,0.50,0.15
12T,12,Mangoola Mine,7/03/2019,REHAB,T,3431,Central Hunter Ironbark Grassy Woodland,2011,303.9,36,16,2,80,157,5.5,7.4,0.6,1.28,0.86,0.72,2.84,0.19,26.47,8.09,217.00,15.93,2.66,3.93,2.24,1.18,0.78,0.29,0.47,0.16,53.0,130.5,28.7,39.3,173.2,33.4,159.4,0.313,0.299,0.393,0.322,0.423,0.403,0.372,0.235,42498,549,695.97,4.61,16,7,31,6,0,26.00,7.17,45.08,6.25,0.00,2.041,1.288,2.189,1.248,0.000,0.014,0.008,0.023,0.005,0.000,50280,2123,3950.74,6.88,897,264,1655.43,410.29,5.98,4.68,0.50,0.14
20O,20,Mangoola Mine,11/03/2019,REHAB,O,3431,Central Hunter Ironbark Grassy Woodland,2013,129.6,22,17,4,36,42,0.6,8,7,0.95,0.44,0.67,2.09,0.11,11.83,6.62,123.80,11.31,1.95,2.73,1.62,0.94,0.22,0.11,0.24,0.06,21.5,142.8,28.4,41.5,107.9,28.7,64.7,0.357,0.343,0.404,0.460,0.471,0.616,0.434,0.385,26131,632,782.88,4.54,10,12,31,14,1,12.25,30.00,37.13,46.00,1.00,2.034,0.703,2.741,0.844,0.000,0.004,0.023,0.034,0.024,0.000,48600,2299,4289.84,7.05,826,347,1402.05,671.74,6.04,5.01,0.41,0.18
20T,20,Mangoola Mine,11/03/2019,REHAB,T,3431,Central Hunter Ironbark Grassy Woodland,2013,792.6,134,153,17,400,86,2.6,0,1,0.97,0.45,0.54,2.12,0.15,8.56,6.14,133.00,13.15,2.04,3.90,1.85,0.89,0.51,0.34,0.26,0.11,19.8,83.6,22.0,27.9,92.6,20.7,38.3,0.355,0.310,0.383,0.410,0.417,0.449,0.480,0.525,28402,707,1011.11,4.91,5,22,34,11,5,11.00,46.50,214.50,17.00,5.00,1.160,1.818,2.722,1.651,1.361,0.001,0.166,0.017,0.028,0.005,41761,2081,3734.07,6.91,801,296,1540.38,548.08,5.91,4.99,0.43,0.14
21O,21,Mangoola Mine,11/03/2019,REHAB,O,3431,Central Hunter Ironbark Grassy Woodland,2013,64.3,12,2,1,14,35,0.3,0,0.1,1.16,0.52,0.80,2.61,0.12,11.31,5.96,212.00,12.67,2.12,3.30,1.88,0.95,0.34,0.07,0.21,0.08,6.9,41.1,8.5,18.4,63.6,11.8,45.7,0.302,0.304,0.394,0.372,0.411,0.390,0.346,0.289,24032,799,1097.73,5.24,17,23,37,18,2,20.00,31.17,46.00,30.25,2.50,2.718,2.557,2.921,1.495,0.637,0.004,0.020,0.029,0.054,0.000,43389,2304,4159.74,7.07,901,340,1606.01,585.84,6.05,5.27,0.48,0.14
21T,21,Mangoola Mine,11/03/2019,REHAB,T,3431,Central Hunter Ironbark Grassy Woodland,2013,368,54,24,7,142,137,4,0,0.2,1.17,0.69,0.70,2.74,0.13,9.78,6.68,97.20,17.14,2.58,4.60,2.52,0.41,0.94,0.38,0.49,0.18,29.9,154.1,28.0,43.1,146.5,30.9,166.1,0.280,0.358,0.424,0.444,0.361,0.474,0.335,0.420,27561,742,1073.36,5.12,18,9,30,8,3,20.25,10.00,33.06,12.50,3.00,2.661,0.578,2.647,1.787,0.746,0.005,0.093,0.024,0.003,0.002,46860,2384,4284.03,7.14,864,365,1566.00,629.89,6.12,5.13,0.40,0.18
29O,29,Mangoola Mine,13/03/2019,REHAB,O,3431,Central Hunter Ironbark Grassy Woodland,2015,20.2,9,1,3,3,2,2.2,0,0.9,0.71,0.26,0.37,1.49,0.08,12.78,5.57,1030.00,9.84,1.63,2.43,1.32,0.72,0.39,0.14,0.19,0.12,23.2,96.8,22.0,76.0,129.6,18.1,22.6,0.302,0.275,0.319,0.319,0.334,0.318,0.322,0.277,18188,579,867.80,4.33,46,29,23,9,1,67.13,35.13,27.08,19.00,1.00,3.177,2.818,2.160,1.592,0.000,0.058,0.021,0.026,0.005,0.000,33623,1748,2802.68,6.65,683,186,1067.06,309.56,5.70,4.45,0.46,0.10
29T,29,Mangoola Mine,13/03/2019,REHAB,T,3431,Central Hunter Ironbark Grassy Woodland,2015,165.8,41,48,7,32,35,2.8,0,0.3,0.88,0.37,0.53,1.91,0.10,9.78,5.94,425.00,11.33,1.72,3.06,1.59,0.09,0.76,0.29,0.29,0.20,7.0,108.1,41.3,16.4,77.9,9.8,33.1,0.307,0.266,0.330,0.356,0.368,0.335,0.340,0.257,26148,512,616.32,4.73,27,4,32,6,5,30.00,4.00,62.25,7.00,5.00,2.498,0.752,2.153,1.087,1.374,0.027,0.048,0.067,0.012,0.006,40283,1872,3095.64,6.74,714,205,1192.31,335.65,5.78,4.59,0.45,0.10
31O,31,Mangoola Mine,13/03/2019,REHAB,O,3431,Central Hunter Ironbark Grassy Woodland,2014,219.4,11,9,38,59,66,0.4,36,2.3,1.42,0.71,0.75,2.87,0.19,25.46,6.20,103.20,15.17,2.51,3.89,2.20,1.18,0.97,0.15,0.31,0.19,43.5,277.6,48.0,22.2,358.4,11.8,19.8,0.367,0.407,0.355,0.481,0.474,0.502,0.411,0.315,16549,597,760.63,4.89,25,7,31,7,1,29.57,9.00,41.29,7.67,1.00,2.742,0.528,2.425,0.669,0.000,0.011,0.034,0.039,0.009,0.007,37260,2059,3799.84,6.82,849,314,1545.34,530.95,5.87,5.08,0.50,0.14
31T,31,Mangoola Mine,13/03/2019,REHAB,T,3431,Central Hunter Ironbark Grassy Woodland,2014,320.4,44,25,50,100,97,2.4,2,8,1.49,0.90,0.76,3.23,0.21,21.56,6.41,128.30,15.77,2.53,4.01,2.35,1.08,1.25,0.13,0.41,0.24,27.8,168.0,26.1,47.4,164.0,22.8,42.6,0.443,0.433,0.536,0.574,0.577,0.584,0.525,0.402,23041,601,793.08,4.81,10,12,23,7,1,16.25,14.25,29.13,10.00,1.00,1.862,1.360,1.966,1.509,0.000,0.003,0.053,0.043,0.004,0.000,49061,2102,3397.30,6.95,825,280,1276.95,437.11,5.94,5.06,0.48,0.12
32O,32,Mangoola Mine,13/03/2019,REHAB,O,3431,Central Hunter Ironbark Grassy Woodland,2013,40.8,8,2,1,12,17,0.8,0,0,1.06,0.56,0.56,2.38,0.12,13.99,6.03,148.70,16.74,2.82,4.49,2.55,1.35,0.78,0.25,0.29,0.15,70.9,378.3,114.7,144.0,330.9,98.3,212.0,0.444,0.431,0.516,0.563,0.576,0.584,0.529,0.374,32240,787,1114.12,4.99,9,28,34,9,3,13.17,58.25,52.75,10.00,6.00,1.850,1.241,1.843,0.830,1.099,0.002,0.055,0.045,0.023,0.000,32360,2063,3689.55,6.86,816,274,1333.23,478.55,5.92,4.90,0.49,0.13
32T,32,Mangoola Mine,13/03/2019,REHAB,T,3431,Central Hunter Ironbark Grassy Woodland,2013,571.1,84,61,10,178,233,5.1,0,0,1.13,0.64,0.60,2.60,0.14,10.96,5.91,89.70,17.95,2.77,4.68,2.68,1.17,1.44,0.37,0.35,0.26,45.0,328.7,92.7,201.1,401.3,43.0,104.9,0.400,0.419,0.476,0.540,0.578,0.580,0.523,0.304,33082,672,865.57,5.02,6,15,31,17,1,10.50,19.00,39.17,17.90,1.00,1.543,1.641,2.442,1.445,0.000,0.002,0.095,0.035,0.079,0.001,45965,2173,4118.44,6.90,847,330,1534.17,562.97,5.96,4.91,0.45,0.16
33O,33,Mangoola Mine,14/03/2019,REHAB,O,3431,Central Hunter Ironbark Grassy Woodland,2011,159.8,16,22,1,48,72,0.8,0,1.2,1.03,0.69,0.77,2.56,0.14,22.63,7.39,105.70,15.30,2.62,4.02,2.15,1.27,0.41,0.11,0.41,0.08,66.8,280.3,73.9,92.5,232.9,80.1,130.7,0.326,0.314,0.398,0.447,0.450,0.452,0.344,0.300,25898,593,805.10,4.87,6,13,36,6,1,6.67,25.25,52.90,8.00,1.00,1.337,1.070,1.940,0.495,0.000,0.002,0.047,0.052,0.021,0.001,45470,2252,4094.25,6.97,889,375,1553.91,702.36,6.08,4.84,0.45,0.20
33T,33,Mangoola Mine,14/03/2019,REHAB,T,3431,Central Hunter Ironbark Grassy Woodland,2011,331.3,53,24,2,77,173,2.3,0,2,1.23,0.84,0.79,3.06,0.17,25.27,7.39,140.50,14.40,2.34,3.72,2.07,1.07,0.64,0.25,0.36,0.14,43.4,283.2,47.7,70.5,313.8,38.2,47.4,0.282,0.330,0.369,0.383,0.380,0.387,0.347,0.261,25782,594,760.05,4.56,10,12,29,9,3,14.50,22.00,47.00,9.50,3.00,1.813,1.349,2.581,1.454,1.030,0.005,0.049,0.019,0.021,0.001,37132,2294,4095.63,7.04,946,393,1549.75,687.60,6.19,5.08,0.45,0.19
34O,34,Mangoola Mine,14/03/2019,REHAB,O,3431,Central Hunter Ironbark Grassy Woodland,2012,129.6,13,10,1,41,61,3.6,0,3.6,1.08,0.49,0.61,2.32,0.13,18.33,5.95,120.20,13.04,1.99,3.53,1.91,0.80,1.09,0.09,0.25,0.26,60.8,314.2,82.5,110.6,241.2,55.2,66.6,0.289,0.343,0.375,0.397,0.485,0.505,0.313,0.186,36594,571,830.41,4.40,11,4,34,17,0,27.00,6.00,82.17,35.00,0.00,2.303,0.323,2.698,1.025,0.000,0.002,0.007,0.024,0.156,0.000,30159,2194,4156.51,6.90,844,312,1490.71,625.48,5.92,4.85,0.47,0.15
34T,34,Mangoola Mine,14/03/2019,REHAB,T,3431,Central Hunter Ironbark Grassy Woodland,2012,640,50,76,1,244,257,10,2,3.1,1.15,0.53,0.60,2.37,0.12,20.09,5.87,248.00,16.01,2.56,4.22,2.43,1.10,1.26,0.13,0.32,0.24,29.6,186.2,35.0,97.6,141.6,29.1,50.9,0.389,0.550,0.766,0.634,0.685,0.768,0.478,0.532,22747,729,1026.29,5.21,12,13,45,12,1,28.00,31.00,48.85,18.25,1.00,2.370,1.591,2.320,1.993,0.000,0.002,0.030,0.075,0.006,0.000,33718,2267,4227.76,7.04,932,300,1677.55,540.04,6.08,5.11,0.49,0.13
35O,35,Mangoola Mine,14/03/2019,REHAB,O,3431,Central Hunter Ironbark Grassy Woodland,2012,131.4,22,6,1,32,69,1.4,0,0.7,0.97,0.55,0.58,2.28,0.14,18.41,6.44,112.20,13.69,2.47,3.50,2.05,1.06,0.50,0.25,0.27,0.11,9.4,63.0,10.8,16.5,46.0,12.7,15.0,0.347,0.662,0.629,0.708,0.562,0.642,0.464,0.419,25652,602,717.28,5.04,10,5,25,12,1,10.25,7.00,26.33,12.25,1.00,1.333,1.184,2.733,1.328,0.000,0.020,0.003,0.022,0.029,0.001,51111,2199,3757.23,6.98,868,333,1429.78,532.89,5.97,5.22,0.50,0.14
35T,35,Mangoola Mine,14/03/2019,REHAB,T,3431,Central Hunter Ironbark Grassy Woodland,2012,297,36,42,2,115,96,6,0,0.1,0.85,0.41,0.46,1.89,0.12,41.29,6.37,85.00,13.02,1.95,3.25,1.84,0.89,0.77,0.26,0.35,0.19,60.4,301.9,71.5,103.3,156.0,57.8,30.9,0.360,0.731,0.756,0.777,0.713,0.608,0.466,0.268,31093,688,876.28,5.16,8,14,34,13,0,10.25,16.67,43.00,15.67,0.00,1.669,0.863,3.026,0.422,0.000,0.003,0.024,0.018,0.071,0.000,34913,2151,3727.44,6.97,889,304,1520.85,442.06,6.10,4.98,0.49,0.15
45O,45,Mt Thorley Warkworth,27/03/2019,REHAB,O,3431,Central Hunter Ironbark Grassy Woodland,2010,214.6,29,35,0.5,105,45,0.1,0,0.2,1.33,0.91,0.80,2.98,0.18,8.65,6.51,82.20,16.21,2.65,4.26,2.40,1.20,0.65,0.42,0.41,0.13,11.2,82.7,21.1,16.7,120.6,13.4,45.9,0.320,0.319,0.380,0.413,0.454,0.439,0.396,0.324,32048,756,1000.82,4.92,4,36,28,9,6,4.50,48.50,44.90,13.50,8.25,1.280,2.394,2.332,1.529,0.884,0.001,0.073,0.017,0.006,0.004,29793,2047,3350.19,6.81,753,354,1238.27,579.94,5.94,4.99,0.38,0.20
45T,45,Mt Thorley Warkworth,27/03/2019,REHAB,T,3431,Central Hunter Ironbark Grassy Woodland,2010,340,57,66,3,158,48,8,0,0,1.47,1.11,0.86,3.41,0.21,7.37,6.72,76.70,12.85,2.10,3.19,1.89,1.06,0.50,0.15,0.29,0.13,94.5,454.1,114.3,148.9,541.7,94.5,176.3,0.280,0.268,0.297,0.317,0.337,0.334,0.314,0.231,26862,689,925.07,4.88,6,20,33,11,1,10.50,40.25,65.00,12.13,1.00,1.105,1.442,2.718,2.214,0.000,0.003,0.083,0.025,0.003,0.006,34364,2137,3797.41,6.96,784,345,1322.68,564.70,5.95,5.09,0.41,0.18
46O,46,Mt Thorley Warkworth,27/03/2019,REHAB,O,3431,Central Hunter Ironbark Grassy Woodland,2009,78.5,24,7,1,30,16,0.5,0,0.9,1.13,0.69,0.63,2.35,0.14,5.65,6.56,53.40,14.83,2.68,3.58,2.35,1.19,0.57,0.14,0.30,0.12,13.1,79.1,19.5,31.2,133.6,14.6,21.2,0.335,0.337,0.370,0.366,0.340,0.375,0.364,0.264,21574,736,1129.68,4.89,6,26,23,13,2,10.00,27.50,72.00,25.50,2.00,1.733,2.430,2.774,2.033,0.673,0.001,0.136,0.007,0.009,0.001,30158,2107,3349.64,6.97,754,357,1191.02,513.03,5.95,5.12,0.42,0.19
46T,46,Mt Thorley Warkworth,27/03/2019,REHAB,T,3431,Central Hunter Ironbark Grassy Woodland,2009,469,107,32,3,201,116,0,10,2.7,1.29,0.86,0.74,3.00,0.19,6.88,6.47,80.30,12.55,2.23,3.07,1.95,0.95,0.44,0.12,0.22,0.11,28.3,186.8,51.6,85.2,273.3,27.5,33.4,0.386,0.388,0.438,0.415,0.439,0.473,0.437,0.270,36347,632,875.60,4.89,2,20,20,11,3,3.00,22.67,33.50,12.00,3.00,0.693,2.118,2.278,1.784,0.831,0.000,0.240,0.011,0.010,0.001,25515,2022,3288.29,6.88,730,317,1098.72,520.88,5.88,4.99,0.43,0.17
47O,47,Mt Thorley Warkworth,27/03/2019,REHAB,O,3431,Central Hunter Ironbark Grassy Woodland,2015,31.7,1,0.8,24,0.9,5,0,0,0.4,1.68,2.53,1.37,5.30,0.26,95.23,8.39,113.60,15.18,1.96,4.29,2.18,0.92,0.63,0.43,0.57,0.15,37.7,132.1,30.0,35.1,48.8,37.0,191.8,0.524,0.530,0.593,0.624,0.657,0.641,0.600,0.466,23825,453,579.18,4.41,30,5,35,7,0,37.14,8.00,51.90,8.00,0.00,2.923,0.896,2.608,0.687,0.000,0.013,0.005,0.047,0.013,0.000,31793,2130,3696.88,7.00,718,266,1267.04,415.51,5.86,4.90,0.39,0.16
47T,47,Mt Thorley Warkworth,27/03/2019,REHAB,T,3431,Central Hunter Ironbark Grassy Woodland,2015,25,3,11,5,3,3,0,0,0,2.02,2.54,1.49,6.03,0.33,96.84,8.86,152.80,12.19,1.67,3.29,1.53,0.80,0.60,0.32,0.58,0.16,74.5,219.6,61.3,58.0,115.7,52.9,463.8,0.516,0.518,0.596,0.621,0.659,0.660,0.588,0.518,24622,483,670.90,4.37,15,5,31,3,0,18.60,5.17,35.90,4.00,0.00,2.183,0.206,2.480,0.096,0.000,0.006,0.022,0.037,0.014,0.000,41838,2012,3090.34,6.93,686,367,1023.82,561.46,5.82,5.17,0.39,0.21
48O,48,Mt Thorley Warkworth,28/03/2019,REHAB,O,3431,Central Hunter Ironbark Grassy Woodland,2015,4.5,0.3,0.1,2,1,1,0.1,0,0,0.65,1.41,0.90,2.58,0.10,64.07,8.73,131.30,6.48,0.86,1.43,0.80,0.16,0.19,0.19,0.17,0.12,5.7,15.7,1.9,2.9,7.7,3.7,25.9,0.289,0.287,0.318,0.334,0.338,0.328,0.310,0.262,35240,276,343.54,3.42,9,3,31,1,0,15.25,4.00,45.40,1.00,0.00,1.742,0.600,0.940,0.000,0.000,0.003,0.001,0.182,0.001,0.000,31805,1690,2623.79,6.66,667,179,947.13,305.00,5.81,4.20,0.43,0.12
48T,48,Mt Thorley Warkworth,28/03/2019,REHAB,T,3431,Central Hunter Ironbark Grassy Woodland,2015,41,14,17,2,8,0,0,0,1.5,1.13,1.80,1.10,3.84,0.18,93.47,8.48,77.50,7.88,1.12,1.86,1.01,0.15,0.40,0.21,0.26,0.18,16.9,56.0,10.6,12.8,31.3,10.3,66.1,0.255,0.255,0.274,0.282,0.285,0.281,0.273,0.237,24060,503,757.30,4.14,6,25,26,6,0,6.17,33.17,34.33,8.00,0.00,0.688,1.500,2.540,1.347,0.000,0.008,0.312,0.017,0.003,0.000,42553,1754,3079.74,6.52,573,302,1031.91,540.59,5.41,4.95,0.41,0.17
49O,49,Mt Thorley Warkworth,28/03/2019,REHAB,O,3431,Central Hunter Ironbark Grassy Woodland,2011,99,9,6,27,35,22,0,0,0,1.31,0.81,0.71,2.91,0.19,11.01,7.06,130.40,14.71,2.39,3.79,2.26,1.28,0.61,0.11,0.37,0.13,73.7,285.6,42.9,296.1,601.9,90.7,1244.1,0.331,0.343,0.398,0.349,0.419,0.405,0.390,0.331,24166,591,854.12,4.63,14,11,38,5,1,16.00,15.50,54.90,5.00,1.00,2.071,1.329,2.889,1.306,0.000,0.010,0.219,0.028,0.027,0.002,54384,2133,3547.25,7.06,778,339,1311.17,525.32,6.03,5.24,0.43,0.18
49T,49,Mt Thorley Warkworth,28/03/2019,REHAB,T,3431,Central Hunter Ironbark Grassy Woodland,2011,367,55,37,25,144,100,6,0,0,1.30,0.92,0.75,3.07,0.19,7.47,5.99,139.80,16.56,2.53,4.72,2.75,1.22,1.22,0.08,0.32,0.22,34.1,224.1,59.8,78.1,292.7,30.6,47.6,0.616,0.533,0.652,0.730,0.741,0.647,0.660,0.484,29733,870,1198.05,5.00,4,26,37,18,6,8.50,38.50,62.00,50.00,7.00,1.332,1.739,2.815,2.341,1.608,0.001,0.184,0.016,0.012,0.002,31209,2241,4227.61,7.05,833,342,1427.77,638.35,6.04,5.10,0.44,0.16
50O,50,Mt Thorley Warkworth,28/03/2019,REHAB,O,3431,Central Hunter Ironbark Grassy Woodland,2014,30.9,6,0.8,0.7,8,13,0,2.4,1.3,1.50,1.58,1.16,4.11,0.24,49.34,8.04,136.10,16.65,2.66,4.36,2.44,0.35,0.62,0.36,0.57,0.12,46.4,296.0,107.1,162.9,426.7,57.5,138.6,0.588,0.567,0.674,0.702,0.716,0.693,0.653,0.446,26872,714,1024.56,5.09,27,11,39,9,1,33.75,19.00,41.04,13.50,1.00,2.482,1.652,1.567,1.059,0.000,0.021,0.016,0.137,0.011,0.003,30944,2199,3624.25,7.03,760,345,1305.72,489.23,6.01,5.01,0.39,0.20
50T,50,Mt Thorley Warkworth,28/03/2019,REHAB,T,3431,Central Hunter Ironbark Grassy Woodland,2014,70.7,12,9,5,20,24,0.7,0,0,1.70,1.60,1.17,4.79,0.30,46.15,7.24,90.00,20.52,3.70,5.38,3.12,1.67,0.68,0.37,0.72,0.10,114.4,462.6,148.4,136.6,489.5,83.8,166.0,0.589,0.546,0.651,0.631,0.714,0.681,0.655,0.551,24219,665,873.04,5.05,7,18,37,8,0,11.50,22.50,41.55,12.00,0.00,1.517,1.703,1.772,0.708,0.000,0.004,0.152,0.096,0.013,0.000,23016,2379,4004.15,7.17,886,399,1390.10,564.46,6.17,5.43,0.44,0.17
59O,59,Mt Thorley Warkworth,3/04/2019,REHAB,O,3431,Central Hunter Ironbark Grassy Woodland,2011,36,1,7,6,10,11,1,0,0,1.06,0.96,0.81,2.80,0.16,7.62,7.50,52.00,14.44,2.18,3.62,2.05,1.17,0.63,0.11,0.46,0.15,30.8,126.5,38.4,11.3,70.6,31.3,80.6,0.452,0.446,0.514,0.541,0.549,0.549,0.507,0.404,32736,616,776.21,4.86,13,12,31,8,0,15.25,13.50,43.50,12.00,0.00,2.164,2.378,2.720,1.092,0.000,0.006,0.003,0.025,0.008,0.000,39988,1916,3043.68,6.81,599,327,982.25,451.97,5.67,4.85,0.35,0.24
59T,59,Mt Thorley Warkworth,3/04/2019,REHAB,T,3431,Central Hunter Ironbark Grassy Woodland,2011,169.7,10,8,14,70,63,4.2,0.5,0.2,1.03,0.96,0.70,2.71,0.17,6.82,7.87,67.40,15.39,2.34,3.77,2.20,1.18,0.62,0.42,0.47,0.13,100.7,376.6,164.3,88.6,290.3,141.5,261.1,0.452,0.430,0.503,0.533,0.552,0.546,0.508,0.398,26941,593,777.05,4.99,10,7,30,4,1,12.67,17.00,46.67,4.00,1.00,1.621,0.259,2.377,0.757,0.000,0.004,0.032,0.045,0.006,0.005,30875,2094,3658.42,6.94,766,331,1326.06,475.16,5.91,5.14,0.42,0.18
60O,60,Mt Thorley Warkworth,3/04/2019,REHAB,O,3431,Central Hunter Ironbark Grassy Woodland,2011,36.3,4,3,3,11,14,1.3,0,2.7,1.23,1.06,0.74,2.97,0.18,9.57,7.52,79.80,14.81,2.22,3.87,2.02,1.11,0.57,0.36,0.46,0.13,32.0,162.2,40.2,21.5,82.5,44.5,118.6,0.434,0.432,0.502,0.531,0.551,0.553,0.507,0.380,35162,728,940.07,5.23,22,13,39,9,2,46.50,23.00,67.17,15.25,2.50,2.532,1.444,2.646,0.956,0.637,0.006,0.075,0.044,0.007,0.000,40307,1869,2645.36,6.92,709,212,1011.35,306.30,5.91,4.69,0.42,0.13
60T,60,Mt Thorley Warkworth,3/04/2019,REHAB,T,3431,Central Hunter Ironbark Grassy Woodland,2011,192.7,18,14,4,70,75,8.6,3.1,0,1.21,1.05,0.77,2.97,0.19,9.13,7.73,78.80,15.35,2.26,3.94,2.08,1.22,0.58,0.18,0.50,0.12,101.3,379.1,165.4,89.2,292.2,142.4,262.8,0.405,0.388,0.434,0.461,0.483,0.490,0.452,0.371,36907,764,1040.48,5.06,9,26,43,15,2,10.00,29.50,57.08,31.00,2.00,1.901,1.221,2.616,1.534,0.615,0.004,0.130,0.047,0.013,0.004,34943,2120,3458.17,7.03,720,364,1131.85,588.91,5.95,5.26,0.38,0.20
64O,64,United,5/04/2019,REHAB,O,3431,Central Hunter Ironbark Grassy Woodland,1992,528.2,178,43,0,218,86,3.2,0,0.2,0.99,0.58,0.68,2.52,0.14,5.96,6.11,46.50,14.36,2.40,4.42,2.17,0.94,0.45,0.08,0.31,0.09,9.7,127.1,39.1,41.8,145.1,19.0,54.3,0.343,0.340,0.362,0.382,0.383,0.363,0.343,0.318,30050,575,729.67,4.85,2,18,8,13,1,3.00,19.13,8.67,13.33,1.00,0.693,1.796,0.987,1.888,0.000,0.000,0.130,0.007,0.009,0.001,44466,2119,3746.03,6.82,634,455,1056.50,750.74,5.72,5.24,0.33,0.25
64T,64,United,5/04/2019,REHAB,T,3431,Central Hunter Ironbark Grassy Woodland,1992,479.1,147,50,0,141,103,3.1,35,0.1,0.95,0.51,0.69,2.38,0.11,5.68,6.06,57.70,12.35,2.17,3.60,1.66,0.80,0.37,0.18,0.27,0.08,2.9,123.6,30.0,59.2,160.0,25.8,27.2,0.343,0.366,0.383,0.412,0.431,0.432,0.407,0.309,51967,650,955.64,4.90,1,19,12,12,2,1.00,20.00,16.17,27.00,2.00,0.000,2.169,1.966,1.761,0.515,0.000,0.231,0.005,0.008,0.002,38523,2123,3894.50,6.76,737,403,1231.23,684.90,5.47,5.17,0.44,0.22
73O,73,Mt Owen,8/04/2019,REHAB,O,3431,Central Hunter Ironbark Grassy Woodland,2010,320.9,26,16,114,50,113,1.9,0,2.2,1.62,1.30,1.03,3.87,0.22,10.89,6.95,88.40,11.50,1.95,2.93,1.56,0.92,0.25,0.10,0.37,0.06,49.9,308.0,55.1,107.8,422.4,67.5,16.5,0.402,0.593,0.590,0.586,0.658,0.576,0.486,0.483,22228,699,868.24,5.37,14,5,36,10,3,16.00,9.50,46.89,14.50,3.00,1.959,1.494,2.196,1.418,0.882,0.009,0.001,0.032,0.030,0.002,32351,2286,4111.46,7.05,825,421,1447.45,760.46,6.05,5.13,0.40,0.24
73T,73,Mt Owen,8/04/2019,REHAB,T,3431,Central Hunter Ironbark Grassy Woodland,2010,466.3,167,33,2,163,92,9.3,0,0.9,1.60,1.49,1.05,3.87,0.22,7.89,7.24,65.60,15.19,2.47,4.13,2.06,1.30,0.55,0.11,0.42,0.11,73.7,208.5,34.2,61.4,187.9,29.3,23.6,0.482,0.760,1.134,0.996,1.116,1.105,0.700,0.392,21931,739,1057.19,5.01,14,10,38,13,2,30.00,11.50,66.90,25.50,2.00,2.258,0.847,3.064,0.364,0.325,0.004,0.037,0.019,0.181,0.001,32297,2334,4290.45,7.08,845,423,1458.28,711.92,6.05,5.31,0.42,0.21
81O,81,Bulga,13/05/2019,REHAB,O,3431,Central Hunter Ironbark Grassy Woodland,2014,5.5,1,1,2,1,0.5,0,0,0,0.44,0.27,0.45,1.34,0.07,4.09,7.95,61.60,7.48,1.03,1.63,0.90,0.64,0.29,0.08,0.23,0.14,74.5,166.8,48.6,81.5,82.7,52.0,167.5,0.248,0.225,0.257,0.279,0.285,0.283,0.271,0.216,22259,523,668.14,4.50,31,13,34,11,0,35.08,25.25,58.50,13.25,0.00,3.056,0.146,1.907,2.056,0.000,0.017,0.166,0.113,0.006,0.000,32859,2116,3368.96,7.00,716,321,1138.92,459.07,5.91,4.98,0.37,0.19
81T,81,Bulga,13/05/2019,REHAB,T,3431,Central Hunter Ironbark Grassy Woodland,2014,32.1,8,13,4,5,2,0.1,0,1.7,0.60,0.34,0.51,1.70,0.09,4.54,7.25,171.80,11.65,1.60,2.67,1.57,0.96,0.75,0.15,0.40,0.24,19.4,66.6,13.4,13.9,70.0,16.8,135.2,0.209,0.203,0.214,0.222,0.227,0.224,0.220,0.199,29665,641,879.29,4.58,9,17,46,17,1,13.00,19.50,74.13,30.50,1.00,1.761,0.590,2.713,1.890,0.000,0.003,0.153,0.059,0.011,0.024,38963,2119,3870.48,6.99,705,314,1313.16,483.48,5.84,5.03,0.37,0.19
82O,82,Bulga,13/05/2019,REHAB,O,3431,Central Hunter Ironbark Grassy Woodland,2015,8.4,1,0.3,6,0.1,1,0,0,4.5,0.47,0.39,0.52,1.44,0.08,3.26,8.45,205.00,7.85,1.04,1.70,0.91,0.61,0.41,0.12,0.25,0.20,93.5,430.7,123.6,177.6,415.2,93.7,169.8,0.200,0.191,0.221,0.219,0.231,0.233,0.223,0.208,21433,443,594.14,4.02,21,6,32,6,1,25.90,9.00,48.90,7.00,1.00,2.829,0.290,1.746,1.297,0.000,0.006,0.260,0.072,0.009,0.000,42068,2073,3645.84,6.92,720,318,1208.19,523.34,5.87,5.00,0.39,0.19
82T,82,Bulga,13/05/2019,REHAB,T,3431,Central Hunter Ironbark Grassy Woodland,2015,36,2,13,8,8,5,0,0,0,0.77,0.65,0.77,2.23,0.13,25.44,7.33,512.00,15.89,2.41,3.87,1.95,1.36,0.73,0.41,0.59,0.15,32.1,97.9,15.5,15.5,52.4,21.8,212.5,0.223,0.243,0.312,0.271,0.424,0.538,0.315,0.228,21901,603,801.65,4.76,30,15,32,3,1,40.00,39.50,38.75,3.00,1.00,3.078,0.929,2.311,0.300,0.000,0.012,0.060,0.080,0.011,0.004,42852,2015,3423.76,6.92,750,268,1339.07,394.08,5.91,5.01,0.42,0.14
83O,83,Bulga,13/05/2019,REHAB,O,3431,Central Hunter Ironbark Grassy Woodland,2015,11.5,9,0,1,1,0.5,0,0,0.3,0.67,0.39,0.61,1.91,0.12,7.20,6.76,294.00,9.92,1.58,2.48,1.40,0.85,0.34,0.08,0.23,0.11,36.1,274.8,59.6,154.2,359.8,45.7,51.6,0.271,0.311,0.315,0.449,0.450,0.418,0.371,0.328,20716,753,902.82,5.27,33,18,38,10,1,35.08,18.13,42.57,10.50,1.00,3.117,0.973,2.620,1.713,0.000,0.019,0.117,0.059,0.018,0.000,37597,2274,3960.95,7.09,820,377,1396.47,600.70,6.05,5.32,0.42,0.17
83T,83,Bulga,13/05/2019,REHAB,T,3431,Central Hunter Ironbark Grassy Woodland,2015,31.6,9,9,6,5,2,0.6,0,0,0.91,0.55,0.74,2.30,0.15,9.90,6.39,567.00,14.39,2.16,3.65,2.25,1.07,1.04,0.29,0.33,0.24,37.4,108.5,29.4,120.9,264.9,38.8,147.4,0.321,0.362,0.414,0.394,0.626,0.774,0.507,0.280,47298,569,765.23,4.11,15,17,26,13,2,27.50,18.60,46.17,16.13,3.00,2.452,1.423,2.799,1.414,0.693,0.003,0.455,0.011,0.010,0.000,81204,2310,4451.77,7.08,921,352,1773.34,608.00,6.16,5.21,0.47,0.15
88O,88,Bulga,15/05/2019,REHAB,O,3431,Central Hunter Ironbark Grassy Woodland,2013,128.8,15,1,10,16,86,0.8,0,4.3,2.70,2.91,1.97,8.33,0.50,264.10,7.65,192.40,15.61,2.88,4.03,2.14,1.43,0.41,0.13,0.51,0.08,58.4,220.7,67.5,63.3,118.3,43.8,335.4,0.444,0.543,0.644,0.657,0.677,0.647,0.548,0.360,30306,434,553.01,4.21,6,0,27,1,0,12.00,0.00,51.00,1.00,0.00,1.594,0.000,1.813,0.000,0.000,0.001,0.000,0.080,0.017,0.000,33174,1920,2982.86,6.76,774,260,1155.49,405.92,5.85,4.34,0.47,0.19
88T,88,Bulga,15/05/2019,REHAB,T,3431,Central Hunter Ironbark Grassy Woodland,2013,151.2,24,10,4,30,80,3.2,0,9.3,4.23,4.97,2.68,12.78,0.75,476.89,7.69,253.00,9.39,1.46,2.53,1.18,0.67,0.22,0.21,0.28,0.07,55.3,164.6,33.7,37.7,133.2,36.4,419.5,0.519,0.605,0.732,0.761,0.771,0.755,0.640,0.471,29752,443,524.06,4.43,4,2,35,5,0,7.00,2.00,39.50,5.25,0.00,1.154,0.342,1.869,1.401,0.000,0.001,0.007,0.083,0.002,0.000,31412,1891,2787.42,6.82,780,237,1089.49,325.41,5.86,4.74,0.50,0.13
89O,89,Bulga,15/05/2019,REHAB,O,3431,Central Hunter Ironbark Grassy Woodland,2013,46,0,0.7,3,13,29,0.3,0,1.7,1.04,0.83,0.80,2.89,0.18,42.60,8.24,89.00,10.67,1.41,2.59,1.33,0.88,0.54,0.17,0.39,0.19,84.0,209.6,53.6,46.3,66.2,81.4,323.9,0.446,0.468,0.556,0.531,0.564,0.522,0.507,0.337,32055,515,645.02,4.37,15,7,33,7,0,21.13,7.50,39.13,9.00,0.00,2.464,1.757,2.345,1.499,0.000,0.004,0.004,0.074,0.005,0.000,35269,2260,4212.91,7.06,829,393,1513.03,721.32,6.02,5.20,0.41,0.22
89T,89,Bulga,15/05/2019,REHAB,T,3431,Central Hunter Ironbark Grassy Woodland,2013,237.5,50,21,34,58,74,0.5,0,2.5,1.79,1.69,1.23,4.91,0.31,76.74,7.77,98.80,17.78,2.56,5.19,2.37,1.31,0.65,0.33,0.85,0.11,72.3,267.9,94.2,82.6,71.2,59.6,369.9,0.465,0.451,0.583,0.645,0.680,0.541,0.597,0.421,28646,648,844.01,5.18,8,19,45,10,1,8.17,21.00,59.08,12.25,1.00,1.748,1.529,2.399,1.745,0.000,0.004,0.047,0.122,0.008,0.000,39236,2153,3714.74,6.99,842,303,1479.55,470.23,6.00,5.13,0.43,0.15
90O,90,Bulga,15/05/2019,REHAB,O,3431,Central Hunter Ironbark Grassy Woodland,2013,34.4,10,2,1,6,15,0.4,0,5.3,2.75,2.57,1.97,8.03,0.46,234.38,7.84,183.70,14.53,2.13,4.04,1.85,1.03,0.49,0.17,0.56,0.10,21.3,74.2,16.1,21.2,40.1,19.6,211.6,0.449,0.483,0.581,0.645,0.661,0.640,0.550,0.262,25060,581,789.93,4.79,21,11,32,5,0,34.50,11.25,46.40,6.00,0.00,2.540,2.102,1.969,0.659,0.000,0.008,0.008,0.091,0.004,0.000,43907,2137,3765.57,7.01,815,300,1346.56,584.44,6.05,4.94,0.44,0.17
90T,90,Bulga,15/05/2019,REHAB,T,3431,Central Hunter Ironbark Grassy Woodland,2013,37.4,12,10,5,6,0,4.4,0,2.5,2.34,2.13,1.99,6.98,0.39,197.09,8.13,147.90,16.10,2.39,4.79,1.91,1.23,0.57,0.26,0.60,0.11,48.0,136.2,35.5,24.1,68.7,45.2,320.6,0.379,0.416,0.490,0.505,0.508,0.496,0.433,0.352,27515,512,654.31,4.58,14,6,50,9,0,20.25,6.50,78.13,11.25,0.00,2.373,0.422,2.729,1.862,0.000,0.006,0.156,0.072,0.004,0.000,42619,2095,3471.46,6.98,827,286,1333.57,440.13,6.08,4.73,0.44,0.19
91O,91,Bulga,15/05/2019,REHAB,O,3431,Central Hunter Ironbark Grassy Woodland,2013,32,3,4,2,7,16,0,0,4.2,1.44,1.48,1.50,4.86,0.26,58.52,8.65,197.10,13.82,2.09,3.41,1.59,1.23,0.32,0.37,0.48,0.08,101.6,331.8,99.1,78.3,97.5,68.8,306.6,0.261,0.251,0.225,0.283,0.295,0.318,0.280,0.234,22586,474,612.63,4.49,47,2,35,4,0,65.29,2.00,47.10,4.00,0.00,2.956,0.191,1.970,1.386,0.000,0.037,0.002,0.085,0.001,0.000,41897,2131,3474.78,7.01,758,310,1137.06,456.98,6.00,4.99,0.40,0.19
91T,91,Bulga,15/05/2019,REHAB,T,3431,Central Hunter Ironbark Grassy Woodland,2013,73.2,5,11,5,21,30,1.2,0,5.4,1.82,1.94,1.65,5.98,0.32,103.92,8.13,107.80,13.69,2.02,3.86,1.71,0.98,0.57,0.20,0.50,0.12,43.4,177.7,45.0,46.2,53.4,28.8,152.6,0.310,0.280,0.347,0.381,0.386,0.395,0.359,0.298,31924,521,671.30,4.72,13,5,39,3,1,19.00,5.50,44.06,4.00,1.00,2.136,0.895,2.485,0.485,0.000,0.014,0.021,0.063,0.002,0.002,43833,2038,3511.46,6.93,859,225,1507.03,358.92,6.08,4.47,0.47,0.15
92O,92,Bulga,16/05/2019,REHAB,O,3431,Central Hunter Ironbark Grassy Woodland,2007,303.2,72,45,0,105,81,0.2,0,5.1,0.77,0.55,0.55,2.11,0.13,4.61,7.05,104.20,11.81,1.59,3.04,2.00,0.66,0.93,0.31,0.26,0.27,12.0,78.4,20.8,38.0,85.7,11.1,42.5,0.318,0.297,0.348,0.383,0.395,0.403,0.358,0.281,32019,605,821.89,4.95,4,22,18,12,3,7.00,26.50,26.33,27.00,3.00,1.242,1.699,2.156,1.249,0.396,0.001,0.197,0.005,0.036,0.004,43296,2228,4216.35,6.90,867,349,1556.19,651.16,5.88,5.09,0.47,0.17
92T,92,Bulga,16/05/2019,REHAB,T,3431,Central Hunter Ironbark Grassy Woodland,2007,483,216,58,0.3,139,65,4.7,0,0,0.83,0.73,0.71,2.36,0.14,5.05,6.70,107.30,10.92,1.53,2.97,1.66,0.64,0.74,0.12,0.21,0.21,15.0,154.6,42.1,42.0,136.8,21.2,129.6,0.299,0.283,0.315,0.340,0.357,0.354,0.335,0.227,38241,544,785.52,4.37,0,21,15,8,2,0.00,45.50,25.67,20.50,2.00,0.000,1.830,2.141,0.683,0.349,0.000,0.192,0.005,0.008,0.001,34828,2001,3615.39,6.71,770,317,1370.18,514.51,5.69,4.98,0.46,0.16
93O,93,Bulga,16/05/2019,REHAB,O,3431,Central Hunter Ironbark Grassy Woodland,2015,31.1,10,2,7,5,7,0.1,0,3.5,0.69,0.36,0.50,1.96,0.14,8.22,6.62,830.00,12.99,1.92,3.34,1.76,1.02,0.47,0.42,0.33,0.12,37.2,138.7,37.8,120.5,254.4,63.2,150.3,0.290,0.248,0.299,0.342,0.339,0.351,0.280,0.270,28172,624,795.42,4.92,47,11,35,6,2,53.72,17.25,47.50,7.00,2.00,3.375,2.035,1.990,1.307,0.611,0.031,0.004,0.055,0.004,0.001,32825,2394,4496.31,7.14,869,349,1569.58,626.69,6.16,5.11,0.40,0.16
93T,93,Bulga,16/05/2019,REHAB,T,3431,Central Hunter Ironbark Grassy Woodland,2015,42.2,2,15,6,11,8,0.2,0,1.5,0.83,0.48,0.54,2.03,0.13,7.96,6.36,289.00,14.47,2.17,3.54,2.31,1.06,1.31,0.15,0.28,0.32,39.5,244.4,76.4,187.1,362.1,69.9,156.6,0.259,0.295,0.311,0.327,0.328,0.328,0.302,0.253,26304,568,727.25,4.50,13,28,24,10,3,22.00,32.57,27.60,11.00,3.00,2.247,1.810,2.404,1.745,0.684,0.004,0.313,0.018,0.007,0.005,37485,2063,3735.58,6.86,837,284,1467.03,565.18,5.93,5.18,0.50,0.10
51O,51,Belford,29/03/2019,REFERENCE,O,3315,Central Hunter Ironbark-Spotted Gum Forest,NA,345.4,124,32,1,104,80,4.4,0,0.4,2.23,1.58,1.62,6.03,0.30,10.55,6.18,48.50,9.31,1.49,2.78,1.27,0.57,0.24,0.19,0.17,0.08,7.1,70.8,12.8,40.4,148.7,14.5,38.1,0.553,0.535,0.636,0.676,0.760,0.647,0.606,0.501,35480,474,624.16,4.32,1,37,3,8,1,1.00,40.13,4.00,14.00,1.00,0.000,2.468,0.736,1.307,0.000,0.000,0.243,0.001,0.016,0.000,37314,2167,3887.00,6.88,637,495,1129.72,804.68,5.80,5.26,0.31,0.30
51T,51,Belford,29/03/2019,REFERENCE,T,3315,Central Hunter Ironbark-Spotted Gum Forest,NA,580.9,420,26,1,72,55,6.9,0,0.6,3.16,2.22,2.60,9.13,0.47,17.50,6.24,105.90,16.42,2.60,5.27,2.43,1.19,0.33,0.21,0.33,0.05,25.7,178.1,44.1,83.9,221.1,31.0,97.6,0.471,0.514,0.582,0.591,0.615,0.597,0.553,0.419,22636,656,836.04,4.80,3,39,9,8,1,5.00,45.13,13.50,14.00,1.00,1.040,2.144,1.771,1.100,0.000,0.000,0.312,0.005,0.007,0.000,26641,1878,3215.89,6.72,611,373,971.63,587.38,5.68,5.00,0.38,0.25
52O,52,Belford,29/03/2019,REFERENCE,O,3315,Central Hunter Ironbark-Spotted Gum Forest,NA,325,64,20,6,103,125,7,0,1.2,1.31,0.77,1.11,3.63,0.22,6.31,6.30,28.90,16.76,2.68,5.16,2.52,1.18,0.55,0.14,0.37,0.09,7.5,58.6,9.4,21.9,102.9,5.8,55.0,0.343,0.307,0.352,0.374,0.384,0.391,0.366,0.320,36151,765,1105.37,4.95,12,33,32,11,1,78.00,65.00,60.13,12.00,1.00,2.485,2.194,3.003,2.069,0.000,0.001,0.236,0.012,0.006,0.000,35358,2317,4096.34,7.01,673,530,1117.87,892.67,5.89,5.40,0.32,0.28
52T,52,Belford,29/03/2019,REFERENCE,T,3315,Central Hunter Ironbark-Spotted Gum Forest,NA,595.6,279,24,6,173,83,5.6,25,0,2.24,1.51,1.89,6.52,0.36,11.14,6.35,102.90,16.78,2.68,5.31,2.57,1.21,0.41,0.11,0.34,0.07,19.3,141.6,36.3,42.4,163.9,30.4,44.4,0.401,0.355,0.402,0.438,0.452,0.457,0.441,0.360,29694,593,801.00,4.53,0,33,7,4,2,0.00,39.40,11.00,6.00,2.00,0.000,1.862,1.615,1.034,0.562,0.000,0.278,0.002,0.001,0.000,37287,NA,NA,NA,NA,NA,NA,NA,NA,NA,NA,NA
53O,53,Belford,29/03/2019,REFERENCE,O,3315,Central Hunter Ironbark-Spotted Gum Forest,NA,353.7,90,38,2,143,80,0.7,0,0.1,1.76,1.21,1.50,5.06,0.25,9.82,5.78,42.80,18.57,3.21,5.99,2.83,1.29,0.50,0.25,0.30,0.07,34.0,274.0,44.8,157.2,469.7,42.8,41.4,0.402,0.365,0.413,0.451,0.475,0.591,0.449,0.300,24963,548,734.13,4.58,0,43,3,12,0,0.00,53.13,3.00,44.00,0.00,0.000,2.565,1.004,1.531,0.000,0.000,0.400,0.001,0.007,0.000,33153,1777,2887.05,6.54,492,348,780.49,551.60,5.31,4.96,0.31,0.24
53T,53,Belford,29/03/2019,REFERENCE,T,3315,Central Hunter Ironbark-Spotted Gum Forest,NA,489,118,42,2,202,100,2,23,0,1.96,1.37,1.56,5.65,0.28,11.32,5.45,64.50,17.11,2.99,4.91,2.71,1.40,0.45,0.04,0.52,0.07,18.6,89.1,22.9,87.9,213.5,21.6,49.7,0.385,0.362,0.425,0.458,0.478,0.607,0.432,0.375,28269,572,719.96,4.78,2,32,9,7,0,3.00,44.25,15.25,7.00,0.00,0.693,2.193,2.003,1.040,0.000,0.000,0.333,0.002,0.043,0.000,31929,1678,2968.67,6.41,516,350,901.52,570.78,5.26,4.96,0.36,0.21
68O,68,Mt Owen,7/04/2019,REFERENCE,O,3315,Central Hunter Ironbark-Spotted Gum Forest,NA,231.6,48,37,9,75,60,2.6,0,6.6,2.37,1.91,1.91,6.87,0.30,12.71,6.07,59.80,17.19,3.20,5.15,2.34,1.22,0.27,0.09,0.44,0.04,40.7,310.0,67.2,173.9,405.8,51.6,58.2,0.474,0.473,0.574,0.633,0.629,0.614,0.601,0.437,27986,568,770.13,4.54,4,45,18,10,1,7.00,53.64,33.13,18.00,1.00,1.074,2.441,2.710,2.089,0.000,0.001,0.396,0.004,0.003,0.000,37952,2269,4262.14,6.94,744,557,1411.54,1043.40,5.99,5.34,0.32,0.31
68T,68,Mt Owen,7/04/2019,REFERENCE,T,3315,Central Hunter Ironbark-Spotted Gum Forest,NA,666,272,18,3,203,106,7,57,0.3,2.94,2.45,2.40,9.05,0.36,15.39,5.81,103.60,15.11,2.44,4.95,2.20,0.87,0.52,0.10,0.26,0.09,34.0,208.2,46.4,341.0,341.0,63.9,74.8,0.502,0.460,0.610,0.622,0.661,0.663,0.568,0.449,27737,688,890.32,4.90,0,26,15,10,2,0.00,26.64,51.00,12.25,3.00,0.000,2.480,2.168,0.848,0.693,0.000,0.069,0.003,0.027,0.000,42395,2058,3847.97,6.74,756,391,1294.02,686.68,5.74,5.11,0.44,0.20
69O,69,Mt Owen,7/04/2019,REFERENCE,O,3315,Central Hunter Ironbark-Spotted Gum Forest,NA,320.1,81,19,15,102,94,5.1,4,1.9,2.51,2.32,1.90,7.41,0.36,14.49,5.82,65.80,16.16,2.78,5.50,2.58,1.14,0.44,0.14,0.21,0.07,12.2,95.0,21.7,55.5,145.7,11.4,90.0,0.444,0.423,0.511,0.580,0.603,0.587,0.523,0.378,38343,643,804.68,4.85,4,22,19,9,1,4.17,43.00,69.00,21.50,1.00,1.352,2.079,2.456,1.245,0.000,0.001,0.170,0.007,0.011,0.000,36613,2208,4045.02,6.83,702,484,1184.84,817.58,5.73,5.38,0.38,0.24
69T,69,Mt Owen,7/04/2019,REFERENCE,T,3315,Central Hunter Ironbark-Spotted Gum Forest,NA,335.4,104,7,5,77,139,3.4,0,1.4,2.67,2.35,2.04,7.83,0.36,16.06,5.93,107.50,13.44,2.21,4.14,2.05,0.94,0.28,0.08,0.26,0.06,17.3,140.2,35.3,142.9,244.6,24.1,135.1,0.395,0.426,0.474,0.494,0.465,0.482,0.431,0.326,22983,624,828.08,4.84,1,34,12,7,1,1.00,47.50,18.00,7.00,1.00,0.000,2.156,2.084,1.396,0.000,0.000,0.164,0.007,0.016,0.002,40405,2181,4271.01,6.84,734,466,1501.82,866.06,5.81,5.36,0.39,0.23
70O,70,Mt Owen,7/04/2019,REFERENCE,O,3315,Central Hunter Ironbark-Spotted Gum Forest,NA,492,84,23,1,135,246,3,0,3.7,1.56,1.38,0.90,3.98,0.27,16.62,5.46,66.90,16.41,2.83,4.95,2.54,1.17,0.36,0.11,0.34,0.06,33.9,199.9,56.4,103.6,254.8,57.6,67.5,0.454,0.432,0.600,0.640,0.660,0.691,0.595,0.620,27031,575,789.02,4.27,5,24,20,12,0,5.17,28.50,23.50,16.00,0.00,1.557,2.119,2.626,1.587,0.000,0.001,0.454,0.007,0.012,0.000,52272,2013,3764.27,6.71,737,396,1432.64,677.19,5.63,5.19,0.42,0.21
70T,70,Mt Owen,7/04/2019,REFERENCE,T,3315,Central Hunter Ironbark-Spotted Gum Forest,NA,520.1,114,74,1,131,199,1.1,0,4.2,2.21,2.25,1.51,6.58,0.31,22.27,5.33,95.40,20.26,3.06,6.69,3.08,1.20,0.71,0.15,0.41,0.09,33.5,161.2,39.4,181.0,322.9,49.7,73.6,0.587,0.617,0.842,0.821,0.827,0.967,0.777,1.060,22824,603,801.12,4.49,0,20,19,8,1,0.00,29.00,32.50,12.50,1.00,0.000,1.931,2.520,0.831,0.000,0.000,0.274,0.007,0.023,0.000,43772,2228,4298.46,6.91,761,433,1463.24,767.60,5.85,5.40,0.40,0.21
71O,71,Mt Owen,7/04/2019,REFERENCE,O,3315,Central Hunter Ironbark-Spotted Gum Forest,NA,316.9,48,20,1,113,132,2.9,0,2.8,2.59,2.13,1.84,7.23,0.35,15.43,5.98,86.50,19.83,3.63,6.06,2.92,1.49,0.31,0.12,0.47,0.04,19.5,211.0,50.0,157.1,212.0,56.9,124.4,0.598,0.669,0.783,0.878,0.842,0.991,0.908,0.923,32197,746,1008.00,5.06,7,34,14,11,0,19.50,36.00,54.50,15.50,0.00,1.834,2.237,1.775,2.070,0.000,0.001,0.212,0.008,0.007,0.000,43164,2189,4012.18,6.83,719,497,1284.74,902.05,5.93,5.14,0.33,0.29
71T,71,Mt Owen,7/04/2019,REFERENCE,T,3315,Central Hunter Ironbark-Spotted Gum Forest,NA,670.6,295,15,3,173,157,5.6,22,6.2,3.06,2.40,2.03,8.47,0.43,18.27,6.11,119.50,21.10,3.65,6.60,3.20,1.64,0.35,0.13,0.45,0.04,27.7,270.5,67.0,145.7,603.5,43.4,160.2,0.609,0.692,0.815,0.856,1.113,1.595,1.091,1.062,27392,762,979.03,5.17,1,33,14,9,1,1.00,49.00,24.00,11.00,1.00,0.000,1.621,2.246,0.433,0.000,0.000,0.115,0.008,0.053,0.000,40626,2139,3813.41,6.84,755,467,1274.07,774.55,5.83,5.25,0.40,0.23
77O,77,Mt Owen,9/04/2019,REFERENCE,O,3315,Central Hunter Ironbark-Spotted Gum Forest,NA,338.6,77,34,1,75,146,5.6,0,0.5,1.53,0.94,1.36,4.29,0.21,8.80,5.62,42.50,16.20,2.61,5.16,2.22,1.02,0.54,0.31,0.33,0.09,42.7,201.8,60.4,120.8,350.1,78.9,37.6,0.450,0.511,0.696,0.631,0.728,0.761,0.616,0.565,23806,636,824.48,4.87,1,38,14,14,1,1.00,42.17,20.25,38.50,1.00,0.000,2.682,2.299,2.154,0.000,0.000,0.425,0.005,0.006,0.001,33489,2098,3820.85,6.79,616,435,1133.66,780.03,5.60,5.18,0.32,0.24
77T,77,Mt Owen,9/04/2019,REFERENCE,T,3315,Central Hunter Ironbark-Spotted Gum Forest,NA,221.4,81,31,2,53,52,2.4,0,1.4,1.99,1.39,1.76,5.96,0.25,9.96,5.77,48.00,18.01,2.89,5.93,2.56,1.18,0.55,0.12,0.31,0.08,23.2,108.0,56.1,83.9,287.5,81.5,36.4,0.466,0.596,0.599,0.716,0.742,0.799,0.630,0.689,34351,561,715.67,4.47,1,25,17,3,1,1.00,25.25,20.60,6.00,1.00,0.000,1.909,1.123,1.099,0.000,0.000,0.342,0.019,0.000,0.000,38070,1931,3577.19,6.63,604,357,1245.45,550.39,5.40,5.11,0.38,0.18
78O,78,Mt Owen,9/04/2019,REFERENCE,O,3315,Central Hunter Ironbark-Spotted Gum Forest,NA,331,66,57,1,89,109,5,4,1.6,2.69,1.78,2.07,7.39,0.32,11.28,5.97,61.30,16.27,2.81,4.94,2.26,1.16,0.32,0.21,0.34,0.05,91.2,523.7,129.2,130.6,538.6,125.4,273.4,0.485,0.761,0.856,0.881,0.821,0.808,0.662,0.571,32037,546,750.54,4.27,1,28,11,3,0,1.00,48.25,43.00,3.50,0.00,0.000,1.615,2.197,0.900,0.000,0.000,0.257,0.002,0.001,0.000,37649,2188,3818.25,6.84,755,478,1295.47,784.94,5.89,5.16,0.37,0.26
78T,78,Mt Owen,9/04/2019,REFERENCE,T,3315,Central Hunter Ironbark-Spotted Gum Forest,NA,577.5,186,35,1,173,142,10.5,30,1.9,2.85,1.54,2.29,7.72,0.31,11.75,6.04,81.40,18.85,3.01,6.14,2.76,1.24,0.62,0.13,0.35,0.09,24.2,165.6,27.5,117.8,306.2,28.2,78.8,0.430,0.588,0.680,0.664,0.724,0.772,0.575,0.568,22267,622,824.00,4.91,0,29,9,11,1,0.00,45.00,15.00,12.00,1.00,0.000,2.127,1.825,1.341,0.000,0.000,0.260,0.005,0.023,0.000,43263,2135,3665.21,6.83,709,463,1248.60,723.74,5.81,5.25,0.37,0.25
79O,79,Mt Owen,9/04/2019,REFERENCE,O,3315,Central Hunter Ironbark-Spotted Gum Forest,NA,382.8,108,40,0.5,141,92,1.3,0,0,2.88,2.32,2.12,8.39,0.34,12.71,5.79,74.80,25.13,3.55,8.60,3.73,1.44,0.48,0.06,0.44,0.05,65.1,232.6,50.7,61.5,104.4,50.6,44.6,0.334,0.329,0.347,0.362,0.405,0.408,0.422,0.299,17643,516,682.76,4.44,1,38,17,11,1,1.00,42.08,32.13,15.50,1.00,0.000,2.256,2.301,1.636,0.000,0.000,0.397,0.005,0.019,0.000,43894,1944,3700.93,6.67,624,403,1235.80,665.34,5.56,5.19,0.37,0.23
79T,79,Mt Owen,9/04/2019,REFERENCE,T,3315,Central Hunter Ironbark-Spotted Gum Forest,NA,559.6,91,59,1,191,215,2.6,0,0,2.24,1.57,1.61,6.14,0.27,11.96,5.67,86.00,12.71,1.85,4.30,1.77,0.71,0.37,0.27,0.20,0.08,22.9,171.1,92.0,197.0,760.1,36.8,46.6,0.447,0.358,0.466,0.497,0.532,0.497,0.493,0.387,30607,586,772.02,4.64,2,30,11,8,0,3.00,32.00,13.67,10.00,0.00,0.693,2.294,2.012,1.168,0.000,0.000,0.380,0.004,0.008,0.000,42979,2021,3774.98,6.73,654,421,1257.50,654.47,5.67,5.24,0.37,0.23
80O,80,Mt Owen,11/04/2019,REFERENCE,O,3315,Central Hunter Ironbark-Spotted Gum Forest,NA,375.6,84,48,1,71,171,0.6,0,3,2.49,2.13,1.78,7.27,0.36,11.59,6.32,51.50,17.58,3.00,5.48,2.44,1.21,0.40,0.10,0.43,0.06,115.8,468.3,150.2,138.3,495.6,84.9,168.0,0.493,0.442,0.541,0.598,0.630,0.609,0.549,0.456,27904,663,911.35,4.94,3,32,21,7,1,4.00,72.50,25.50,10.00,1.00,0.485,2.587,2.472,1.265,0.000,0.002,0.216,0.011,0.009,0.000,40165,2195,4192.97,6.86,736,482,1397.81,843.76,5.92,5.25,0.35,0.26
80T,80,Mt Owen,11/04/2019,REFERENCE,T,3315,Central Hunter Ironbark-Spotted Gum Forest,NA,470.8,59,22,3,128,257,1.8,0,0,2.50,1.90,1.64,6.65,0.35,11.60,6.23,85.40,19.28,3.46,5.85,2.76,1.40,0.38,0.16,0.45,0.05,33.5,421.2,54.0,104.4,824.5,38.4,111.1,0.446,0.425,0.525,0.580,0.588,0.578,0.519,0.440,24764,621,853.30,4.78,3,36,15,9,0,5.00,41.33,25.67,9.25,0.00,1.040,2.112,1.906,1.690,0.000,0.000,0.219,0.007,0.007,0.000,41382,2239,4004.68,6.89,757,527,1399.63,887.07,5.87,5.34,0.36,0.27
85O,85,Bulga,14/05/2019,REFERENCE,O,3315,Central Hunter Ironbark-Spotted Gum Forest,NA,99.1,60.5,10,0.5,18,10,0.1,0,0,0.60,0.43,0.60,1.95,0.13,5.72,6.21,24.50,15.88,2.54,4.55,2.32,1.02,0.86,0.14,0.41,0.16,53.0,211.0,48.8,108.5,215.4,32.3,67.2,0.285,0.262,0.296,0.314,0.323,0.336,0.312,0.261,37247,629,865.22,4.64,10,21,23,7,4,25.00,33.50,41.00,7.17,4.50,2.158,1.842,1.991,0.837,1.241,0.002,0.320,0.012,0.032,0.001,32049,2427,4455.70,7.07,747,505,1274.16,928.20,5.96,5.46,0.34,0.24
85T,85,Bulga,14/05/2019,REFERENCE,T,3315,Central Hunter Ironbark-Spotted Gum Forest,NA,277.4,41,14,3,50,33,0.4,136,0,0.94,0.91,0.99,3.41,0.21,10.00,6.00,50.40,24.07,3.92,7.45,3.70,1.47,1.22,0.50,0.47,0.14,36.0,129.7,30.4,85.7,170.5,23.2,79.6,0.330,0.252,0.352,0.396,0.408,0.408,0.358,0.296,23663,594,818.17,4.44,0,45,16,6,0,0.00,57.10,20.17,8.25,0.00,0.000,2.363,1.020,1.153,0.000,0.000,0.325,0.079,0.002,0.000,36779,2373,4375.98,7.02,730,477,1360.13,830.78,5.82,5.45,0.36,0.21
87O,87,Bulga,14/05/2019,REFERENCE,O,3315,Central Hunter Ironbark-Spotted Gum Forest,NA,188.5,61,25,1,48,53,0.5,0,7.6,1.58,1.16,0.84,4.07,0.24,15.25,6.17,57.70,25.41,3.68,9.46,3.54,1.37,1.05,0.08,0.90,0.10,32.3,260.6,42.6,149.5,446.6,40.7,39.3,0.346,0.329,0.369,0.404,0.403,0.388,0.385,0.321,25109,610,837.51,4.50,1,20,13,15,1,1.00,48.00,25.25,39.50,1.00,0.000,1.798,1.902,1.453,0.000,0.000,0.266,0.006,0.027,0.001,40299,2115,4278.88,6.67,653,447,1243.04,773.13,5.23,5.41,0.39,0.22
87T,87,Bulga,14/05/2019,REFERENCE,T,3315,Central Hunter Ironbark-Spotted Gum Forest,NA,763.1,474,34,1,144,109,1.1,0,0.2,1.91,1.36,1.25,5.19,0.28,15.44,6.43,96.30,31.15,3.47,13.85,3.71,1.31,1.17,0.48,0.91,0.08,27.4,237.0,47.4,147.7,271.6,44.7,122.9,0.311,0.318,0.349,0.374,0.373,0.307,0.300,0.303,32472,664,886.04,4.87,2,21,14,9,2,2.50,25.17,18.17,11.00,2.00,0.637,1.619,2.172,1.620,0.500,0.000,0.121,0.007,0.014,0.001,41126,2291,4340.77,6.83,688,504,1382.75,839.00,5.48,5.48,0.36,0.23
65O,65,Mt Owen,6/04/2019,REHAB,O,3315,Central Hunter Ironbark-Spotted Gum Forest,1998,548.5,171,40,2,226,108,1.5,0,1.9,2.96,2.59,1.96,8.31,0.39,12.76,5.96,110.00,15.37,2.52,4.70,2.63,0.93,0.48,0.24,0.24,0.09,35.8,137.1,22.0,319.3,741.6,28.5,55.5,0.532,0.580,0.579,0.676,0.711,0.696,0.579,0.431,32588,546,754.18,4.49,1,27,9,3,1,1.00,35.00,17.00,3.00,1.00,0.000,1.537,1.920,0.456,0.000,0.001,0.241,0.003,0.006,0.000,36256,1813,3273.21,6.47,685,331,1241.57,606.24,5.64,4.66,0.41,0.21
65T,65,Mt Owen,6/04/2019,REHAB,T,3315,Central Hunter Ironbark-Spotted Gum Forest,1998,934,340,51,1,311,226,5,0,3.4,3.06,2.76,1.88,8.29,0.42,13.59,6.02,126.60,17.54,2.86,5.21,3.03,1.11,0.71,0.21,0.24,0.11,26.3,96.7,18.2,193.0,589.8,23.9,43.0,0.596,0.608,0.693,0.742,0.772,0.755,0.681,0.544,30132,490,620.31,4.39,3,26,13,4,2,5.00,28.00,25.25,4.50,2.00,1.040,1.510,2.203,0.855,0.500,0.000,0.280,0.004,0.003,0.001,48341,1874,3237.16,6.56,677,361,1129.20,595.67,5.71,4.78,0.37,0.25
66O,66,Mt Owen,6/04/2019,REHAB,O,3315,Central Hunter Ironbark-Spotted Gum Forest,1998,659.5,122,71,2,257,186,8.5,13,0.9,2.43,2.04,1.59,6.50,0.36,14.66,5.94,95.30,2.24,0.64,0.38,0.44,0.15,0.04,0.02,0.05,0.05,6.9,50.3,12.8,39.0,89.8,17.3,27.0,0.496,0.511,0.590,0.622,0.632,0.612,0.554,0.381,24410,636,860.17,4.67,10,17,25,7,1,18.17,19.00,28.50,11.50,1.00,2.245,1.746,2.801,1.461,0.000,0.001,0.301,0.012,0.005,0.000,43473,2385,4444.69,7.04,856,484,1504.16,856.40,6.00,5.70,0.43,0.19
66T,66,Mt Owen,6/04/2019,REHAB,T,3315,Central Hunter Ironbark-Spotted Gum Forest,1998,383.5,118,30,1,90,123,8.5,13,5.8,2.46,2.07,1.67,6.55,0.35,13.29,5.71,94.70,19.33,3.75,5.72,2.92,1.44,0.52,0.22,0.37,0.07,26.0,212.1,87.5,150.7,263.3,31.5,17.0,0.443,0.456,0.551,0.575,0.575,0.524,0.506,0.412,38281,755,1039.13,5.09,5,33,26,12,1,15.00,41.00,38.07,13.50,1.00,1.609,2.385,2.720,2.022,0.000,0.001,0.153,0.009,0.007,0.000,33406,2152,3852.03,6.87,795,414,1432.56,669.36,5.94,5.26,0.41,0.21
67O,67,Mt Owen,6/04/2019,REHAB,O,3315,Central Hunter Ironbark-Spotted Gum Forest,2009,111.9,17,31,4,40,17,1,1.9,0.6,1.75,1.17,1.07,4.17,0.22,8.26,6.38,71.80,14.92,2.74,3.97,2.27,1.24,0.28,0.14,0.34,0.05,97.8,410.7,78.8,163.9,484.5,122.0,34.3,0.342,0.391,0.419,0.387,0.408,0.437,0.370,0.357,37340,690,1007.52,5.10,8,16,33,9,4,12.00,37.00,65.00,9.17,4.50,1.749,2.070,2.633,1.656,0.897,0.002,0.015,0.023,0.007,0.006,35640,2210,3876.06,6.97,804,404,1281.75,697.56,6.02,5.17,0.42,0.19
67T,67,Mt Owen,6/04/2019,REHAB,T,3315,Central Hunter Ironbark-Spotted Gum Forest,2009,517,136,68,7,169,111,9.6,16.4,0,1.21,0.76,0.74,2.68,0.18,5.83,7.22,63.70,12.19,2.14,3.03,1.73,1.04,0.32,0.24,0.29,0.08,22.7,163.9,39.1,32.3,207.9,27.8,19.7,0.442,0.424,0.518,0.548,0.565,0.552,0.503,0.384,19245,525,658.61,4.40,2,21,19,9,2,2.00,23.50,29.67,9.17,2.00,0.562,1.510,2.363,0.454,0.637,0.000,0.192,0.010,0.042,0.001,31620,2249,3832.70,6.99,791,422,1346.56,600.96,5.98,5.10,0.39,0.23
72O,72,Mt Owen,8/04/2019,REHAB,O,3315,Central Hunter Ironbark-Spotted Gum Forest,2010,141.4,18,20,1,59,34,1.3,8.1,0.9,NA,NA,NA,NA,NA,NA,NA,NA,24.01,4.03,6.03,3.15,2.07,0.65,0.56,0.62,0.08,32.3,260.6,42.6,149.5,446.6,40.7,39.3,NA,NA,NA,NA,NA,NA,NA,NA,30518,823,1105.82,5.31,14,21,38,12,5,44.25,31.67,45.68,12.90,7.00,2.042,1.521,3.145,1.133,1.505,0.003,0.073,0.017,0.011,0.001,41179,2600,5369.41,7.24,851,497,1631.85,900.84,6.16,5.50,0.36,0.22
72T,72,Mt Owen,8/04/2019,REHAB,T,3315,Central Hunter Ironbark-Spotted Gum Forest,2010,370.1,81,66,1,120,52,3.1,47,0.8,1.61,0.90,1.27,4.00,0.19,6.80,6.87,62.00,10.85,1.73,2.87,1.48,0.91,0.36,0.08,0.25,0.10,47.9,216.3,42.8,123.7,283.4,58.4,48.0,0.323,0.345,0.331,0.345,0.389,0.441,0.410,0.375,30740,741,1001.51,4.89,13,32,35,10,2,15.50,36.57,58.14,10.67,2.00,2.223,1.773,2.884,1.632,0.500,0.004,0.329,0.013,0.012,0.001,39769,2491,4438.13,7.24,893,493,1491.76,796.86,6.30,5.50,0.36,0.23
74O,74,Mt Owen,8/04/2019,REHAB,O,3315,Central Hunter Ironbark-Spotted Gum Forest,2007,15.6,5,0.6,1,8,1,0,0,0.1,1.86,1.13,1.15,4.49,0.25,10.90,6.64,82.10,15.86,2.71,4.31,2.28,1.35,0.45,0.23,0.38,0.08,12.9,70.2,16.9,14.2,89.6,13.7,59.5,0.562,1.181,1.371,1.348,1.122,1.453,0.950,0.665,25018,689,924.45,5.04,12,16,24,15,2,12.50,24.17,28.50,17.67,2.50,2.367,0.427,2.620,2.423,0.637,0.004,0.074,0.016,0.007,0.000,41395,2345,4453.42,7.06,852,435,1658.84,755.38,6.06,5.31,0.41,0.21
74T,74,Mt Owen,8/04/2019,REHAB,T,3315,Central Hunter Ironbark-Spotted Gum Forest,2007,103,46,2,6,25,24,0,0,0,2.23,1.76,1.44,5.86,0.31,10.96,6.35,75.70,23.32,3.93,6.74,3.74,1.66,0.63,0.10,0.62,0.08,54.3,296.4,76.6,129.5,479.7,46.0,103.5,0.562,1.458,1.598,1.557,1.587,1.542,0.955,0.683,31861,814,1078.03,5.47,11,14,39,10,1,20.00,15.00,46.56,14.50,1.00,1.670,1.600,2.905,1.835,0.000,0.005,0.057,0.033,0.007,0.000,38518,2286,3907.11,6.99,779,460,1292.13,751.43,5.95,5.36,0.38,0.23
75O,75,Mt Owen,8/04/2019,REHAB,O,3315,Central Hunter Ironbark-Spotted Gum Forest,2006,402.3,39,26,5,99,231,2.3,0,0.3,1.53,1.07,1.05,3.91,0.21,8.47,6.46,59.80,NA,NA,NA,NA,NA,NA,NA,NA,NA,35.5,135.9,21.9,316.5,735.1,28.3,55.0,0.426,0.915,1.064,0.950,0.947,0.814,0.617,0.404,26289,740,952.58,5.17,12,24,28,15,0,18.25,45.00,41.50,17.25,0.00,2.209,1.843,1.775,2.270,0.000,0.004,0.124,0.058,0.010,0.000,42580,2438,4479.67,7.12,804,499,1412.22,819.77,6.07,5.42,0.37,0.24
75T,75,Mt Owen,8/04/2019,REHAB,T,3315,Central Hunter Ironbark-Spotted Gum Forest,2006,502.7,150,37,10,183,111,11.7,0,1,1.86,1.32,1.26,4.73,0.24,9.29,6.32,69.80,16.41,2.68,4.79,2.51,1.23,0.61,0.11,0.38,0.10,24.7,188.3,50.1,69.2,270.2,32.0,57.5,0.417,0.780,0.824,0.745,0.823,0.773,0.603,0.463,29443,548,710.36,4.67,7,32,16,6,3,8.00,38.40,22.00,7.00,3.00,1.841,2.210,1.984,1.345,1.093,0.002,0.243,0.013,0.015,0.001,26744,2223,4046.36,6.97,772,450,1393.28,769.35,5.95,5.33,0.38,0.22
76O,76,Mt Owen,8/04/2019,REHAB,O,3315,Central Hunter Ironbark-Spotted Gum Forest,2007,197.7,84,17,1,55,35,1.7,4,2,2.10,1.35,1.45,5.33,0.26,9.71,6.79,58.00,18.27,2.84,6.15,2.79,1.06,0.59,0.34,0.36,0.09,96.3,462.7,116.5,151.7,552.0,96.3,179.6,0.447,0.569,0.754,0.844,0.728,0.763,0.638,0.772,22382,590,755.46,4.53,10,15,24,3,1,16.25,17.67,40.67,4.00,1.00,2.074,2.073,2.740,0.248,0.000,0.003,0.024,0.010,0.004,0.000,37318,2302,4133.06,7.03,790,446,1280.80,717.34,6.03,5.18,0.38,0.25
76T,76,Mt Owen,8/04/2019,REHAB,T,3315,Central Hunter Ironbark-Spotted Gum Forest,2007,268.2,84,16,1,64,79,24.2,0,0.4,2.11,1.29,1.35,5.21,0.25,8.78,6.39,84.90,18.32,3.24,5.38,2.66,1.45,0.57,0.04,0.44,0.08,45.9,296.4,65.9,117.1,401.7,42.3,65.2,0.444,0.718,0.935,0.868,0.837,0.940,0.629,0.719,29225,652,874.31,4.73,6,17,28,9,1,9.00,21.00,52.00,21.50,1.00,1.582,1.321,1.849,2.038,0.000,0.002,0.188,0.037,0.002,0.000,37694,2292,4335.10,6.97,756,486,1398.37,809.77,5.97,5.16,0.35,0.28
1O,1,Mangoola Mine,4/03/2019,REFERENCE,O,3485,Central Hunter Slaty Gum Grassy Forest,NA,297.2,157,15,1,70,54,0.2,0,0.8,2.05,1.53,1.37,6.20,0.30,1.04,5.71,111.70,16.42,2.90,5.21,2.36,1.00,0.47,0.21,0.26,0.07,10.8,124.5,26.7,58.9,102.4,22.0,27.1,0.266,0.309,0.306,0.309,0.299,0.295,0.376,0.242,21631,550,673.68,5.02,1,25,15,7,0,1.00,28.00,27.50,9.00,0.00,0.000,2.386,2.521,1.340,0.000,0.000,0.178,0.005,0.004,0.000,37577,1910,3296.45,6.68,737,358,1224.14,638.62,5.71,5.02,0.44,0.20
1T,1,Mangoola Mine,4/03/2019,REFERENCE,T,3485,Central Hunter Slaty Gum Grassy Forest,NA,588.3,380,34,0,100,73,1.3,0,0.3,1.49,0.76,1.09,4.32,0.22,8.97,5.93,138.80,18.94,3.13,6.14,2.67,1.04,0.95,0.33,0.38,0.13,10.9,32.1,15.0,67.7,73.6,8.7,100.5,0.351,0.348,0.425,0.454,0.440,0.479,0.399,0.294,29250,580,746.64,4.96,0,23,11,3,3,0.00,35.25,12.50,5.00,3.00,0.000,2.040,0.392,1.040,1.012,0.000,0.139,0.048,0.000,0.001,43475,2245,4388.39,6.93,785,433,1473.00,883.01,5.88,5.29,0.41,0.21
2O,2,Mangoola Mine,4/03/2019,REFERENCE,O,3485,Central Hunter Slaty Gum Grassy Forest,NA,200.1,94,14,1,35,56,0.1,0,1.2,1.30,0.84,0.75,3.67,0.21,10.49,5.35,153.90,16.18,3.02,5.10,2.55,1.12,0.37,0.11,0.21,0.06,40.9,262.3,95.1,124.4,282.5,72.3,39.3,0.379,0.403,0.482,0.440,0.566,0.557,0.415,0.305,17298,534,684.96,4.91,1,22,18,2,1,1.00,62.50,26.00,2.50,1.00,0.000,1.954,2.116,0.637,0.000,0.000,0.122,0.010,0.000,0.001,35852,1804,3093.29,6.54,691,309,1269.32,550.66,5.50,4.88,0.43,0.18
2T,2,Mangoola Mine,4/03/2019,REFERENCE,T,3485,Central Hunter Slaty Gum Grassy Forest,NA,514.3,266,20,1,100,99,0.3,28,0.1,1.60,1.12,0.96,4.47,0.26,14.76,5.60,120.20,15.14,2.66,4.74,2.12,0.87,0.61,0.12,0.24,0.11,16.9,40.6,15.9,21.4,49.6,12.3,41.0,0.340,0.362,0.480,0.428,0.499,0.563,0.394,0.283,25490,616,759.34,5.16,2,20,17,8,1,2.00,22.67,67.00,9.00,1.00,0.562,2.072,2.111,0.690,0.000,0.000,0.090,0.008,0.047,0.001,37743,2026,3908.57,6.72,703,372,1326.61,641.40,5.61,5.10,0.42,0.21
7O,7,Mangoola Mine,6/03/2019,REFERENCE,O,3485,Central Hunter Slaty Gum Grassy Forest,NA,372.2,129,14,4,81,144,0.2,0,1.8,1.94,1.31,1.28,4.80,0.29,12.83,5.88,121.40,17.21,3.04,5.30,2.37,1.21,0.48,0.24,0.38,0.08,42.2,334.7,55.5,151.9,481.7,84.3,74.5,0.336,0.404,0.437,0.404,0.426,0.475,0.382,0.338,26212,662,854.05,5.24,8,19,17,16,1,14.00,19.67,18.60,24.00,1.00,1.869,2.193,1.920,1.910,0.000,0.002,0.092,0.016,0.029,0.001,38780,2002,3376.29,6.79,710,374,1102.18,626.46,5.78,5.03,0.42,0.21
7T,7,Mangoola Mine,6/03/2019,REFERENCE,T,3485,Central Hunter Slaty Gum Grassy Forest,NA,797.6,522,23,1,118,133,0.6,0,5.1,2.56,1.79,1.76,6.78,0.31,14.57,6.12,140.60,18.13,3.19,5.53,2.59,1.19,0.62,0.31,0.34,0.09,15.1,50.4,24.3,43.3,88.0,16.0,51.1,0.483,0.450,0.546,0.573,0.606,0.597,0.535,0.387,30343,647,794.88,4.79,1,34,8,11,1,1.00,42.33,12.00,12.50,1.00,0.000,2.287,1.517,1.419,0.000,0.000,0.124,0.003,0.013,0.002,49374,2208,3965.96,6.93,794,441,1323.11,705.52,6.01,5.03,0.39,0.26
8O,8,Mangoola Mine,6/03/2019,REFERENCE,O,3485,Central Hunter Slaty Gum Grassy Forest,NA,502.2,138,34,1,169,160,0.2,0,1.2,2.11,1.25,1.67,5.31,0.30,16.18,6.43,144.70,17.15,2.98,5.38,2.27,1.18,0.65,0.12,0.43,0.10,19.1,146.5,34.9,64.5,118.0,24.1,12.5,0.580,0.509,0.627,0.670,0.680,0.665,0.690,0.498,34515,607,797.20,5.00,10,23,8,13,2,12.50,31.00,14.00,25.50,2.00,2.246,1.979,1.616,1.951,0.500,0.002,0.088,0.003,0.007,0.001,46272,2145,3946.50,6.89,830,398,1467.17,667.39,5.88,5.24,0.46,0.19
8T,8,Mangoola Mine,6/03/2019,REFERENCE,T,3485,Central Hunter Slaty Gum Grassy Forest,NA,1180.5,572,33,1,322,250,2.5,0,0.3,2.53,1.30,2.15,6.07,0.36,20.19,7.36,202.00,17.46,3.12,5.07,2.22,1.33,0.60,0.29,0.45,0.09,34.9,212.5,35.5,100.0,111.5,30.8,82.2,0.561,0.481,0.631,0.637,0.683,0.709,0.620,0.487,22430,559,670.18,5.02,0,18,10,12,0,0.00,19.00,13.13,14.25,0.00,0.000,1.654,2.087,0.841,0.000,0.000,0.086,0.002,0.036,0.000,57333,1991,3280.85,6.85,748,370,1258.73,582.16,5.81,5.05,0.45,0.21
9O,9,Mangoola Mine,6/03/2019,REFERENCE,O,3485,Central Hunter Slaty Gum Grassy Forest,NA,201.2,85,21,1,52,42,0.2,0,3.5,1.67,1.36,1.03,4.60,0.22,7.84,5.91,86.50,18.57,3.53,5.86,2.52,1.25,0.72,0.16,0.43,0.10,18.1,277.1,69.2,102.7,114.9,31.3,49.6,0.470,0.464,0.530,0.595,0.621,0.619,0.557,0.402,22115,690,930.07,5.05,4,33,19,12,3,4.50,35.57,25.40,12.13,3.00,1.311,2.581,2.388,2.113,0.868,0.001,0.052,0.007,0.007,0.001,51435,2119,4101.33,6.86,777,345,1482.36,539.06,5.87,5.00,0.43,0.20
9T,9,Mangoola Mine,6/03/2019,REFERENCE,T,3485,Central Hunter Slaty Gum Grassy Forest,NA,759.2,436,16,0,143,162,2.2,0,0.2,2.25,1.38,1.61,5.62,0.23,16.18,6.23,193.90,15.77,2.72,4.97,2.15,1.04,0.50,0.06,0.34,0.09,22.1,156.6,46.1,52.3,140.1,20.7,82.3,0.384,0.411,0.468,0.489,0.439,0.488,0.442,0.292,22942,628,786.82,5.17,0,28,12,7,1,0.00,36.00,18.13,9.00,1.00,0.000,2.497,2.399,1.721,0.000,0.000,0.051,0.002,0.003,0.000,52337,2187,3753.37,6.96,852,367,1419.11,625.67,6.01,5.12,0.47,0.18
10O,10,Mangoola Mine,6/03/2019,REFERENCE,O,3485,Central Hunter Slaty Gum Grassy Forest,NA,192.3,63,27,2,48,50,2.3,0,0.5,1.41,1.13,0.97,3.66,0.25,10.79,5.82,118.50,14.12,2.38,4.21,1.99,0.88,0.51,0.25,0.29,0.10,32.1,181.9,242.5,53.4,147.1,75.0,11.7,0.332,0.341,0.381,0.404,0.421,0.411,0.369,0.314,27047,713,925.71,5.24,6,23,25,13,1,6.17,25.08,91.00,14.13,1.00,1.630,1.679,2.401,1.715,0.000,0.002,0.082,0.014,0.015,0.007,46336,2075,3900.20,6.82,755,366,1445.02,634.83,5.81,4.92,0.42,0.21
10T,10,Mangoola Mine,6/03/2019,REFERENCE,T,3485,Central Hunter Slaty Gum Grassy Forest,NA,250.1,87,29,1,72,60,1.1,0,1.4,1.67,1.33,1.20,4.34,0.28,9.23,6.18,99.80,15.13,2.74,4.46,2.06,0.36,0.35,0.23,0.34,0.06,10.9,69.4,21.7,25.8,61.8,14.5,33.3,0.408,0.374,0.468,0.508,0.541,0.529,0.478,0.368,20832,681,885.45,5.07,3,23,29,11,1,4.00,26.13,41.50,29.00,1.00,0.950,2.069,3.022,1.818,0.000,0.001,0.121,0.012,0.005,0.000,49236,2243,4408.06,6.94,865,407,1647.85,712.26,5.96,5.16,0.46,0.20
11O,11,Mangoola Mine,6/03/2019,REFERENCE,O,3485,Central Hunter Slaty Gum Grassy Forest,NA,451.9,227,21,0,85,116,2.9,0,3.1,1.23,0.93,1.07,3.79,0.20,18.12,5.48,82.50,14.73,2.49,4.63,2.19,0.86,0.67,0.20,0.22,0.13,32.7,222.5,80.3,110.9,198.9,41.8,42.2,0.429,0.416,0.510,0.584,0.602,0.586,0.513,0.371,24771,493,614.68,4.73,0,21,11,11,1,0.00,21.25,26.00,26.00,1.00,0.000,2.099,1.329,1.685,0.000,0.000,0.314,0.010,0.005,0.001,43965,1756,3112.77,6.52,590,276,1017.68,500.04,5.34,4.79,0.42,0.15
11T,11,Mangoola Mine,6/03/2019,REFERENCE,T,3485,Central Hunter Slaty Gum Grassy Forest,NA,747.2,315,24,0,185,173,2.2,48,1.5,1.30,0.89,1.15,3.89,0.20,15.20,5.52,214.00,13.65,2.12,4.34,1.94,0.70,0.92,0.23,0.20,0.19,14.1,54.9,26.1,46.2,45.4,9.3,86.5,0.439,0.423,0.529,0.619,0.636,0.618,0.528,0.369,38508,531,717.28,4.40,0,20,5,5,0,0.00,23.13,8.00,5.00,0.00,0.000,1.432,0.378,0.160,0.000,0.000,0.222,0.009,0.073,0.000,40376,1969,3511.37,6.75,815,313,1426.18,577.45,5.89,4.86,0.47,0.17
19O,19,Mangoola Mine,8/03/2019,REFERENCE,O,3485,Central Hunter Slaty Gum Grassy Forest,NA,284.7,116,19,1,87,60,1.7,0,4.6,2.38,1.94,1.42,6.37,0.32,14.96,5.94,143.60,20.44,3.68,6.76,2.77,1.43,0.79,0.19,0.40,0.10,15.3,354.1,54.3,61.7,92.6,18.2,36.4,0.355,0.363,0.446,0.452,0.565,0.582,0.541,0.408,20767,575,751.15,4.84,2,23,16,9,0,2.50,31.00,17.60,15.00,0.00,0.637,2.213,2.190,0.836,0.000,0.000,0.138,0.008,0.010,0.000,39098,2075,3730.12,6.80,819,385,1437.85,671.17,5.89,5.01,0.43,0.22
19T,19,Mangoola Mine,8/03/2019,REFERENCE,T,3485,Central Hunter Slaty Gum Grassy Forest,NA,576.5,360,13,2,105,96,0.5,0,1,3.20,1.97,2.41,8.58,0.37,27.01,6.67,177.50,20.27,3.24,6.38,2.79,1.34,0.90,0.17,0.55,0.12,30.8,144.1,31.2,48.8,114.7,34.1,146.1,0.626,0.567,0.827,0.779,0.925,1.169,0.856,0.819,26783,731,890.39,5.27,11,23,15,15,0,15.17,33.67,18.13,17.00,0.00,2.169,1.334,2.469,1.880,0.000,0.003,0.097,0.005,0.011,0.000,45469,2318,3992.26,7.01,934,397,1507.60,665.20,6.04,5.21,0.48,0.18
24O,24,Mangoola Mine,12/03/2019,REFERENCE,O,3485,Central Hunter Slaty Gum Grassy Forest,NA,401.5,207,21,4,73,96,0.5,0,0.6,1.86,1.17,1.35,4.87,0.23,10.46,5.54,80.90,15.27,2.55,5.05,2.26,0.90,0.60,0.25,0.24,0.10,9.7,69.8,14.3,43.3,81.2,16.7,37.0,0.359,0.359,0.398,0.426,0.434,0.426,0.400,0.311,24589,547,699.58,4.62,6,18,17,2,1,7.00,18.25,18.13,2.00,1.00,1.593,2.163,2.538,0.224,0.000,0.002,0.206,0.007,0.002,0.001,44346,2165,3887.49,6.87,720,389,1221.57,588.15,5.74,5.21,0.40,0.20
24T,24,Mangoola Mine,12/03/2019,REFERENCE,T,3485,Central Hunter Slaty Gum Grassy Forest,NA,1442.2,1111,56,0,100,173,2.2,0,2.6,1.31,0.76,1.19,3.72,0.16,9.12,5.71,121.70,12.09,1.98,4.00,1.62,0.65,0.53,0.18,0.18,0.11,5.2,120.2,88.7,180.9,146.2,9.3,76.3,0.314,0.267,0.350,0.370,0.380,0.378,0.349,0.247,32576,534,692.79,4.77,0,19,11,4,1,0.00,25.25,20.00,6.00,1.00,0.000,2.064,0.584,0.895,0.000,0.000,0.134,0.019,0.002,0.000,48773,1973,3447.48,6.75,617,387,1148.15,664.21,5.67,5.10,0.36,0.22
26O,26,Mangoola Mine,12/03/2019,REFERENCE,O,3485,Central Hunter Slaty Gum Grassy Forest,NA,401.2,163,29,0,105,104,0.2,0,5.6,2.15,1.30,1.58,5.45,0.24,17.50,5.95,83.70,17.50,2.72,5.85,2.35,1.10,0.62,0.28,0.39,0.09,12.4,558.5,70.2,98.8,659.5,45.9,147.3,0.336,0.411,0.512,0.558,0.411,0.571,0.528,0.386,21991,511,691.92,4.27,2,30,5,6,0,2.00,32.00,7.00,7.00,0.00,0.673,2.246,1.378,1.436,0.000,0.001,0.101,0.001,0.004,0.000,38790,2195,3936.32,6.89,724,500,1379.74,815.66,5.85,5.25,0.36,0.29
26T,26,Mangoola Mine,12/03/2019,REFERENCE,T,3485,Central Hunter Slaty Gum Grassy Forest,NA,733.2,455,35,1,127,114,1.2,0,1.7,2.29,1.29,1.74,5.99,0.27,16.25,6.24,105.00,16.58,2.68,5.42,2.08,1.10,0.49,0.28,0.45,0.08,29.8,203.9,41.9,54.4,150.0,32.6,261.4,0.417,0.420,0.510,0.550,0.575,0.537,0.526,0.286,11535,599,809.95,4.92,10,30,11,7,0,11.00,36.25,13.67,8.00,0.00,2.201,2.109,1.970,1.615,0.000,0.003,0.285,0.004,0.004,0.000,32444,2199,3838.62,6.91,783,460,1356.46,701.07,5.93,5.20,0.39,0.25
36O,36,Mangoola Mine,14/03/2019,REFERENCE,O,3485,Central Hunter Slaty Gum Grassy Forest,NA,261.3,82,22,1,79,76,1.3,0,0,3.01,2.24,1.77,7.29,0.38,27.36,5.99,162.10,14.78,2.35,4.58,2.17,0.94,0.50,0.12,0.30,0.09,15.1,94.9,23.1,39.5,87.6,19.6,7.8,0.531,1.082,1.095,1.047,0.986,0.980,0.704,0.616,34673,850,1216.37,5.44,8,49,26,18,1,17.00,55.72,48.50,19.60,1.00,2.025,2.681,2.523,0.928,0.000,0.001,0.113,0.009,0.069,0.000,38057,2175,4282.82,6.90,838,388,1579.42,745.92,5.96,5.09,0.46,0.19
36T,36,Mangoola Mine,14/03/2019,REFERENCE,T,3485,Central Hunter Slaty Gum Grassy Forest,NA,871.4,457,33,3,201,175,2.4,0,4.2,3.62,2.75,2.01,8.93,0.45,37.51,6.07,165.00,10.02,1.47,2.86,1.39,0.53,0.38,0.28,0.21,0.11,52.1,228.8,57.0,69.0,254.6,38.0,136.4,0.462,0.982,1.154,0.973,0.823,0.925,0.596,0.725,27267,932,1260.26,5.54,1,38,26,24,5,1.00,50.50,58.67,30.75,6.00,0.000,2.694,2.885,1.825,1.474,0.000,0.057,0.008,0.022,0.001,39576,2141,4309.32,6.87,863,362,1740.10,775.46,5.91,5.18,0.50,0.15
63O,63,Jerry's Plains,4/04/2019,REFERENCE,O,3485,Central Hunter Slaty Gum Grassy Forest,NA,228.7,98,21.5,0.5,40,68,0.7,0,0.4,1.86,1.30,1.38,5.08,0.31,24.67,6.52,122.40,22.55,4.24,6.51,3.33,1.78,0.69,0.13,0.50,0.08,17.2,155.7,32.9,25.4,156.6,32.0,177.2,0.524,1.528,1.182,1.445,1.551,1.722,0.599,0.567,36985,524,765.02,4.66,0,24,11,5,0,0.00,32.00,15.17,7.00,0.00,0.000,2.249,1.122,1.003,0.000,0.000,0.180,0.010,0.003,0.000,39013,2075,3649.39,6.86,746,430,1297.84,704.05,5.81,5.20,0.41,0.24
63T,63,Jerry's Plains,4/04/2019,REFERENCE,T,3485,Central Hunter Slaty Gum Grassy Forest,NA,1155.3,562,53,0,236,174,1.3,129,0,2.10,1.21,1.70,5.33,0.31,22.87,6.95,131.80,19.79,3.69,5.97,2.82,1.45,0.63,0.10,0.38,0.08,47.4,302.0,109.3,166.2,435.3,58.7,141.4,0.390,1.055,0.920,0.778,0.750,0.955,0.532,0.470,32082,526,697.38,4.92,0,26,6,9,1,0.00,28.00,7.00,15.25,1.00,0.000,2.103,1.171,1.428,0.000,0.000,0.177,0.004,0.005,0.000,44394,1974,3654.36,6.61,693,415,1216.57,690.70,5.78,4.61,0.38,0.30
3O,3,Mangoola Mine,5/03/2019,REHAB,O,3485,Central Hunter Slaty Gum Grassy Forest,2012,41.2,6,7,0.1,7,21,0.1,0,0.4,0.44,0.09,0.24,1.10,0.06,9.62,6.96,126.60,7.82,1.29,2.06,1.04,0.59,0.28,0.08,0.10,0.11,10.3,118.1,7.9,38.9,72.1,11.5,49.7,0.248,0.256,0.296,0.319,0.328,0.311,0.261,0.220,31453,522,651.78,4.70,3,7,27,9,0,3.00,11.00,43.00,10.00,0.00,0.974,1.673,2.832,1.669,0.000,0.001,0.002,0.019,0.008,0.000,54151,1903,3424.05,6.77,813,180,1519.68,324.00,5.82,4.65,0.54,0.08
3T,3,Mangoola Mine,5/03/2019,REHAB,T,3485,Central Hunter Slaty Gum Grassy Forest,2012,422.2,78,105,2,135,100,2.2,0,3.1,0.85,0.39,0.47,1.86,0.10,14.28,6.36,195.80,11.92,1.86,3.10,1.72,0.78,0.80,0.29,0.27,0.21,4.9,143.7,13.4,27.8,84.3,11.4,58.9,0.211,0.217,0.243,0.246,0.238,0.256,0.228,0.201,38982,673,858.72,4.50,7,12,32,13,1,13.00,22.00,50.00,13.40,1.00,1.529,1.505,3.112,1.718,0.000,0.003,0.043,0.013,0.013,0.001,37089,2181,3707.46,6.98,821,259,1470.59,396.06,5.91,4.84,0.47,0.13
4O,4,Mangoola Mine,5/03/2019,REHAB,O,3485,Central Hunter Slaty Gum Grassy Forest,2011,26.2,17,5,0,2,2,0.2,0,0,1.02,0.45,0.68,2.27,0.12,8.69,6.40,62.90,14.00,2.40,3.91,1.98,1.02,0.54,0.09,0.28,0.12,109.1,543.0,129.2,231.6,514.7,180.8,105.5,0.296,0.309,0.353,0.375,0.372,0.352,0.310,0.270,35729,478,643.22,4.31,6,17,21,2,5,14.00,21.17,39.00,2.00,7.00,1.352,1.848,1.170,0.325,1.002,0.002,0.027,0.064,0.001,0.005,45895,2103,3942.09,6.77,835,347,1366.33,732.78,5.98,4.42,0.45,0.21
4T,4,Mangoola Mine,5/03/2019,REHAB,T,3485,Central Hunter Slaty Gum Grassy Forest,2011,304,14,8,1,61,190,2,28,1.5,1.30,0.73,0.82,3.06,0.15,9.81,5.88,118.70,17.82,2.70,5.53,2.76,1.07,1.61,0.19,0.26,0.28,22.6,74.3,21.8,51.8,135.8,21.2,40.7,0.288,0.338,0.391,0.414,0.434,0.443,0.380,0.256,26362,594,780.49,4.83,2,13,21,4,2,2.50,14.00,25.08,4.50,2.00,0.637,1.146,2.199,0.249,0.110,0.000,0.108,0.018,0.014,0.005,55014,2033,3531.16,6.83,853,273,1435.41,507.88,5.93,4.80,0.51,0.14
5O,5,Mangoola Mine,5/03/2019,REHAB,O,3485,Central Hunter Slaty Gum Grassy Forest,2016,32,3,4,0,0,0,0,25,3.4,0.98,0.54,0.56,2.49,0.12,9.72,4.96,1210.00,9.07,1.69,2.69,1.35,0.67,0.27,0.15,0.06,0.07,56.1,468.2,118.0,235.6,589.0,92.5,124.2,0.290,0.295,0.327,0.360,0.380,0.364,0.319,0.205,27983,299,375.70,3.87,0,1,17,15,0,0.00,1.00,25.17,17.25,0.00,0.000,0.000,1.861,1.541,0.000,0.000,0.000,0.014,0.215,0.000,43360,964,1570.45,5.59,475,77,794.56,157.22,4.75,3.56,0.59,0.06
5T,5,Mangoola Mine,5/03/2019,REHAB,T,3485,Central Hunter Slaty Gum Grassy Forest,2016,143,13,94,1,25,10,0,0,2.2,0.87,0.46,0.47,2.02,0.09,9.74,5.43,471.00,12.47,1.84,3.99,1.86,0.77,0.78,0.19,0.13,0.18,5.9,133.7,13.8,15.9,51.2,2.6,77.4,0.266,0.264,0.299,0.318,0.328,0.326,0.308,0.236,29847,476,704.86,4.51,4,15,16,13,2,4.00,27.50,32.00,14.50,2.00,1.358,1.467,0.908,1.539,0.673,0.001,0.077,0.044,0.051,0.001,58478,1805,3376.21,6.63,711,189,1515.25,314.35,5.71,4.30,0.43,0.11
13O,13,Mangoola Mine,7/03/2019,REHAB,O,3485,Central Hunter Slaty Gum Grassy Forest,2011,407.3,57,23,0,106,172,4.3,45,1.3,1.61,0.87,0.90,3.50,0.21,17.21,6.44,118.00,16.64,2.73,4.64,2.54,1.11,0.93,0.32,0.32,0.17,11.3,70.6,15.0,21.5,62.9,13.2,20.7,0.315,0.353,0.326,0.359,0.432,0.400,0.344,0.278,41907,595,822.51,4.69,7,10,20,6,1,11.00,14.50,26.00,6.25,1.00,1.286,1.064,2.365,0.230,0.000,0.003,0.071,0.012,0.152,0.001,34611,2215,4133.11,6.93,867,319,1565.28,587.64,5.97,4.79,0.48,0.15
13T,13,Mangoola Mine,7/03/2019,REHAB,T,3485,Central Hunter Slaty Gum Grassy Forest,2011,397,40,4,0,56,293,4,0,3.1,1.48,0.80,0.84,3.12,0.18,16.71,6.20,140.20,18.02,3.00,4.49,2.71,1.16,1.11,0.35,0.44,0.20,21.0,130.1,30.6,47.5,110.6,14.9,73.4,0.394,0.368,0.528,0.559,0.600,0.602,0.513,0.241,44244,569,720.84,4.84,2,8,21,3,4,3.00,10.00,33.25,3.00,4.00,0.693,1.268,1.849,0.885,1.224,0.000,0.009,0.026,0.003,0.002,47886,1920,3713.60,6.54,846,237,1576.91,415.68,5.65,4.22,0.55,0.13
14O,14,Mangoola Mine,7/03/2019,REHAB,O,3485,Central Hunter Slaty Gum Grassy Forest,2011,130.7,12,4,1,20,77,3.7,13,2.5,1.67,0.82,0.88,3.29,0.20,18.67,6.44,142.90,14.67,2.43,3.92,2.19,1.08,0.70,0.10,0.30,0.15,64.8,185.0,99.0,61.1,160.0,35.0,24.6,0.470,0.468,0.616,0.680,0.704,0.704,0.593,0.386,31639,628,776.41,5.12,10,18,32,7,2,10.25,48.25,52.17,11.50,2.50,1.826,1.036,2.061,1.338,0.637,0.010,0.057,0.037,0.004,0.000,46610,2085,3764.65,6.82,868,310,1478.40,524.53,5.96,4.57,0.50,0.16
14T,14,Mangoola Mine,7/03/2019,REHAB,T,3485,Central Hunter Slaty Gum Grassy Forest,2011,248.5,15,10,2,41,166,7,7.5,1.4,1.64,0.65,0.78,3.05,0.19,16.11,6.32,140.50,18.01,3.28,4.47,2.66,1.37,1.11,0.31,0.35,0.19,42.1,156.2,32.3,45.4,122.1,16.8,98.9,0.479,0.488,0.628,0.691,0.719,0.702,0.601,0.327,12448,585,773.60,4.92,6,19,24,6,2,6.25,21.08,25.79,8.00,2.00,1.227,1.715,2.405,1.453,0.271,0.004,0.066,0.018,0.003,0.001,32325,2006,3879.34,6.73,908,295,1645.70,507.81,5.94,4.65,0.55,0.15
15O,15,Mangoola Mine,7/03/2019,REHAB,O,3485,Central Hunter Slaty Gum Grassy Forest,2011,15.2,4,2,0.5,1,4,0.7,3,2.3,1.78,1.03,0.94,3.71,0.21,24.09,6.09,179.90,13.64,2.22,3.34,2.12,0.98,1.00,0.14,0.27,0.24,18.9,95.0,27.7,47.9,105.2,25.1,25.3,0.419,0.448,0.589,0.601,0.678,0.685,0.553,0.318,15265,499,702.31,3.48,9,8,19,9,0,9.00,23.00,39.25,13.00,0.00,2.012,1.310,2.052,1.023,0.000,0.003,0.004,0.012,0.012,0.000,47200,2154,3961.56,6.88,917,315,1640.05,558.68,5.98,4.90,0.52,0.15
15T,15,Mangoola Mine,7/03/2019,REHAB,T,3485,Central Hunter Slaty Gum Grassy Forest,2011,259.6,21,17,2,66,141,5.6,7,1.2,1.55,0.74,0.79,3.14,0.18,25.63,6.40,143.10,17.29,2.92,4.64,2.49,1.23,0.91,0.39,0.32,0.16,39.2,241.8,45.6,50.4,167.8,43.1,19.8,0.399,0.438,0.496,0.504,0.559,0.498,0.449,0.358,8751,696,984.65,4.96,8,18,41,4,0,16.00,33.00,62.33,4.00,0.00,1.927,1.397,2.769,1.124,0.000,0.002,0.153,0.043,0.003,0.000,43582,2032,3848.99,6.77,872,296,1536.51,509.33,5.94,4.66,0.50,0.15
16O,16,Mangoola Mine,8/03/2019,REHAB,O,3485,Central Hunter Slaty Gum Grassy Forest,2013,86.7,3,2,11,25,45,0.7,0,1.7,0.61,0.34,0.44,1.35,0.08,9.10,6.98,117.40,9.70,1.51,2.26,1.33,0.70,0.38,0.08,0.23,0.13,45.6,202.0,68.8,59.0,178.5,54.4,13.5,0.221,0.210,0.232,0.248,0.253,0.248,0.238,0.209,21005,629,776.50,5.06,20,12,37,6,1,22.00,20.00,45.00,6.50,1.00,2.586,0.922,3.062,1.363,0.000,0.009,0.048,0.040,0.004,0.001,46767,2134,3825.84,6.79,755,312,1253.49,483.90,5.91,4.98,0.39,0.17
16T,16,Mangoola Mine,8/03/2019,REHAB,T,3485,Central Hunter Slaty Gum Grassy Forest,2013,296.6,79,38,26,59,91,3.6,0,0.6,0.71,0.42,0.48,1.59,0.10,7.69,6.99,196.00,11.78,1.88,2.84,1.64,0.83,0.61,0.34,0.37,0.17,15.2,36.3,30.5,19.9,37.0,17.7,7.9,0.243,0.244,0.274,0.284,0.302,0.289,0.266,0.242,19629,690,900.07,4.85,13,17,27,8,1,13.17,29.25,35.17,14.00,1.00,2.428,1.783,1.998,0.985,0.000,0.006,0.016,0.046,0.022,0.001,44379,2136,3658.14,6.98,766,302,1283.70,515.47,5.97,4.94,0.42,0.16
17O,17,Mangoola Mine,8/03/2019,REHAB,O,3485,Central Hunter Slaty Gum Grassy Forest,2012,101.6,8,15,10,27,39,2.6,0,0.1,1.04,0.65,0.64,2.26,0.10,12.30,6.36,81.31,15.29,2.43,3.99,2.15,1.12,0.72,0.28,0.31,0.15,100.4,317.9,69.7,86.0,191.6,76.0,51.9,0.321,0.288,0.338,0.346,0.388,0.398,0.370,0.297,18551,861,1198.53,5.42,13,38,34,13,1,31.00,42.57,52.00,14.50,1.00,2.202,1.572,2.497,2.076,0.000,0.005,0.108,0.040,0.010,0.000,37654,2211,3859.54,6.99,855,310,1434.56,550.83,6.02,4.95,0.47,0.14
17T,17,Mangoola Mine,8/03/2019,REHAB,T,3485,Central Hunter Slaty Gum Grassy Forest,2012,393,52,76,6,132,90,5,32,1.5,0.94,0.54,0.61,2.22,0.11,8.75,6.66,90.70,17.48,2.74,4.75,2.71,1.13,1.39,0.11,0.39,0.25,20.6,96.8,22.5,41.6,93.7,22.9,39.4,0.320,0.292,0.326,0.373,0.410,0.415,0.372,0.296,23943,701,912.18,5.18,2,16,25,14,2,3.00,16.00,31.13,15.50,2.00,0.693,2.173,2.106,1.446,0.637,0.000,0.144,0.026,0.041,0.001,43994,2409,4664.57,7.11,912,356,1662.05,635.60,6.10,5.31,0.45,0.15
18O,18,Mangoola Mine,8/03/2019,REHAB,O,3485,Central Hunter Slaty Gum Grassy Forest,2013,0.8,0.7,0,0.1,0,0,0,0,0,0.93,0.44,0.52,1.98,0.11,14.07,5.79,1122.00,10.20,1.71,2.75,1.40,0.81,0.26,0.24,0.15,0.08,27.6,141.1,35.2,72.9,255.4,29.4,15.3,0.330,0.330,0.361,0.388,0.395,0.390,0.372,0.295,12481,462,526.94,4.77,11,14,25,10,3,11.50,16.67,31.40,11.00,3.00,2.159,0.547,2.527,1.659,1.078,0.008,0.046,0.025,0.016,0.001,36586,1946,3527.07,6.73,867,224,1563.34,389.76,5.86,4.72,0.53,0.11
18T,18,Mangoola Mine,8/03/2019,REHAB,T,3485,Central Hunter Slaty Gum Grassy Forest,2013,658,110,44,7,307,158,32,0,2.2,0.95,0.60,0.52,2.12,0.14,11.96,6.81,138.80,17.06,2.83,4.24,2.67,1.21,1.13,0.10,0.45,0.21,40.2,164.0,45.2,41.8,104.9,31.3,21.0,0.318,0.324,0.397,0.393,0.413,0.388,0.355,0.314,22329,625,825.02,5.08,15,8,28,8,2,27.25,12.50,38.08,8.50,3.00,1.897,1.139,2.472,0.354,0.693,0.009,0.056,0.025,0.078,0.000,37778,2069,3479.68,6.96,815,304,1343.01,511.28,5.97,5.00,0.45,0.17
30O,30,Mangoola Mine,13/03/2019,REHAB,O,3485,Central Hunter Slaty Gum Grassy Forest,2013,80,4,1,11,13,24,0,27,0.7,1.20,0.62,0.60,2.56,0.14,12.31,5.90,113.20,15.91,2.58,4.40,2.37,0.45,0.91,0.25,0.29,0.18,84.9,243.7,178.0,316.9,197.9,73.4,72.9,0.351,0.354,0.417,0.454,0.461,0.449,0.400,0.211,31384,629,761.07,5.04,11,17,24,7,6,15.00,18.60,27.00,7.00,7.00,1.990,1.087,2.489,0.955,1.516,0.005,0.168,0.023,0.059,0.002,35890,2114,3759.76,6.93,837,310,1455.85,553.00,5.92,5.09,0.48,0.14
30T,30,Mangoola Mine,13/03/2019,REHAB,T,3485,Central Hunter Slaty Gum Grassy Forest,2013,174.7,29,32,11,41,55,2.7,4,1,1.27,0.78,0.61,2.82,0.15,11.79,6.31,119.40,18.53,2.84,4.79,2.83,1.19,1.44,0.37,0.43,0.26,19.9,151.5,38.7,170.5,131.3,37.9,52.7,0.292,0.335,0.350,0.362,0.369,0.333,0.311,0.271,20427,615,839.23,4.68,2,14,32,11,3,2.00,16.67,37.56,14.00,3.50,0.234,1.811,1.667,0.481,0.956,0.002,0.051,0.055,0.101,0.001,28881,2201,3979.38,6.97,874,317,1652.02,576.65,6.03,5.06,0.45,0.15
62O,62,Jerry's Plains,4/04/2019,REFERENCE,O,3314,Central Hunter Slopes Grey Box Forest,NA,243.8,61,20,8,68,80,5.8,1,4.8,2.77,2.12,1.68,6.94,0.44,18.01,6.50,83.80,24.22,4.53,6.71,3.70,2.19,0.55,0.31,0.61,0.06,26.4,189.3,37.6,47.3,159.5,33.2,71.5,0.577,1.347,1.606,0.905,1.490,1.741,0.828,0.620,25227,666,916.47,4.90,8,20,26,12,2,8.25,28.00,29.56,15.13,2.00,2.021,1.781,2.822,1.836,0.689,0.002,0.229,0.012,0.005,0.001,46613,2167,3620.30,6.91,729,463,1162.45,711.40,5.82,5.28,0.39,0.24
62T,62,Jerry's Plains,4/04/2019,REFERENCE,T,3314,Central Hunter Slopes Grey Box Forest,NA,1343.7,462,25,3,429,403,21.7,0,11.9,3.97,3.30,3.14,10.96,0.61,48.31,8.13,234.00,13.77,2.27,4.18,1.90,1.25,0.00,0.16,0.29,0.00,81.5,315.8,47.4,327.4,665.6,100.3,1375.7,0.515,1.018,1.580,1.075,1.090,1.706,0.790,0.737,39298,671,839.50,5.13,9,15,25,6,0,11.67,19.17,75.00,6.00,0.00,2.069,1.206,1.868,1.093,0.000,0.002,0.106,0.032,0.014,0.000,30710,1878,3052.43,6.68,705,307,1152.23,416.48,5.47,5.05,0.48,0.17
55O,55,Wambo,2/04/2019,REFERENCE,O,3438,Hunter Escarpment Footslopes Ironbark Forest,NA,365,136,41,2,102,71,5,8,1.9,1.32,0.84,1.32,4.00,0.17,10.26,6.29,66.70,9.00,1.53,2.54,1.16,0.67,0.15,0.18,0.17,0.05,14.5,90.6,16.1,29.7,114.1,11.1,107.8,0.350,0.360,0.453,0.352,0.478,0.445,0.429,0.349,26139,596,806.04,4.62,1,26,11,16,0,1.00,30.17,39.00,25.00,0.00,0.000,1.574,1.826,0.976,0.000,0.000,0.161,0.003,0.083,0.000,20504,1938,3065.79,6.73,641,422,980.60,650.01,5.83,5.02,0.33,0.30
55T,55,Wambo,2/04/2019,REFERENCE,T,3438,Hunter Escarpment Footslopes Ironbark Forest,NA,685.9,202,40,2,243,154,4.9,40,0.8,1.59,1.09,1.38,4.84,0.24,13.36,6.07,79.10,8.47,1.23,2.78,1.14,0.44,0.18,0.15,0.13,0.06,23.8,122.7,29.2,94.6,198.6,22.2,125.5,0.437,0.428,0.496,0.526,0.526,0.519,0.487,0.385,27172,781,1086.68,5.07,1,32,10,14,2,1.00,47.13,10.13,18.50,2.00,0.000,1.772,1.968,1.354,0.677,0.000,0.139,0.005,0.012,0.003,31762,2076,3335.54,6.89,689,436,1061.26,646.64,5.86,5.23,0.37,0.25
56O,56,Wambo,2/04/2019,REFERENCE,O,3438,Hunter Escarpment Footslopes Ironbark Forest,NA,301.7,125,36,3,59,77,1.7,0,2,1.12,0.74,0.91,3.10,0.17,7.09,5.95,70.90,7.96,1.34,2.20,1.04,0.51,0.16,0.22,0.13,0.06,9.9,90.0,23.2,40.3,129.6,11.0,68.1,0.415,0.392,0.451,0.434,0.522,0.491,0.472,0.373,28901,752,998.11,5.21,1,36,13,15,1,1.00,44.64,41.00,33.00,1.00,0.000,1.875,2.035,1.788,0.000,0.000,0.081,0.004,0.016,0.000,33330,1934,2990.12,6.76,625,468,938.63,721.17,5.74,5.16,0.33,0.31
56T,56,Wambo,2/04/2019,REFERENCE,T,3438,Hunter Escarpment Footslopes Ironbark Forest,NA,271.6,111,30,1,58,56,0.6,15,0.4,1.18,0.65,0.99,3.22,0.17,9.79,6.29,87.50,9.99,1.52,2.92,1.48,0.67,0.21,0.20,0.17,0.06,4.5,82.7,16.3,54.2,93.7,9.6,72.2,0.450,0.414,0.484,0.528,0.509,0.586,0.530,0.397,31442,658,852.22,4.74,1,20,15,17,1,1.00,44.50,18.13,21.17,1.00,0.000,2.115,2.532,0.745,0.000,0.001,0.030,0.004,0.067,0.000,25425,2191,3722.73,6.95,728,395,1183.88,628.32,5.88,5.28,0.38,0.21
57O,57,Wambo,2/04/2019,REFERENCE,O,3438,Hunter Escarpment Footslopes Ironbark Forest,NA,146.2,51,18,1,37,36,1.9,1.3,0,2.02,1.42,1.69,5.75,0.29,11.87,6.30,99.30,19.78,3.67,5.63,2.81,1.54,0.49,0.28,0.45,0.07,18.5,131.1,28.7,37.0,137.8,17.6,32.2,0.463,0.445,0.523,0.566,0.582,0.576,0.524,0.418,25531,804,1123.78,5.35,2,40,25,18,0,2.50,52.50,46.13,34.67,0.00,0.637,2.568,1.764,1.850,0.000,0.000,0.107,0.018,0.012,0.000,53684,2129,3896.24,6.84,777,417,1399.51,704.13,5.96,4.89,0.40,0.26
57T,57,Wambo,2/04/2019,REFERENCE,T,3438,Hunter Escarpment Footslopes Ironbark Forest,NA,216,101,13,1,50,39,4.9,7.1,0,2.05,1.27,1.64,5.48,0.31,14.14,7.01,75.80,11.77,2.03,3.18,1.59,0.85,0.30,0.09,0.25,0.07,25.5,153.0,33.0,51.9,133.7,27.2,61.9,0.436,0.437,0.522,0.531,0.555,0.529,0.481,0.326,31409,675,795.42,5.39,4,19,14,12,1,5.00,20.13,27.50,14.25,1.00,1.330,1.969,2.118,1.824,0.000,0.001,0.058,0.004,0.012,0.000,6556,2209,3829.50,6.92,760,463,1202.65,809.72,6.03,4.95,0.36,0.29
86O,86,Bulga,14/05/2019,REFERENCE,O,3438,Hunter Escarpment Footslopes Ironbark Forest,NA,474.4,113,72,1,173,110,5.4,0,2.6,2.14,1.25,1.55,5.66,0.29,15.54,6.11,70.10,17.98,3.17,5.58,2.43,1.37,0.50,0.20,0.39,0.07,8.8,57.9,6.4,32.1,81.6,8.2,83.9,0.293,0.325,0.414,0.452,0.362,0.483,0.434,0.324,30312,519,654.06,4.56,2,31,5,9,0,2.00,55.50,5.25,9.00,0.00,0.474,2.536,1.050,1.743,0.000,0.001,0.280,0.003,0.015,0.000,33395,2183,3911.17,6.89,797,461,1381.11,734.13,5.95,5.20,0.39,0.25
86T,86,Bulga,14/05/2019,REFERENCE,T,3438,Hunter Escarpment Footslopes Ironbark Forest,NA,375.5,174,33,1,74,71,4.5,18,0,2.21,1.30,1.60,5.93,0.27,17.61,6.21,59.20,14.91,2.40,4.51,2.12,0.99,0.67,0.28,0.30,0.12,58.5,192.3,45.3,161.5,200.2,50.8,132.8,0.346,0.336,0.397,0.446,0.463,0.446,0.423,0.261,25071,664,890.00,4.98,0,25,16,10,2,0.00,33.17,17.33,16.25,2.50,0.000,1.799,2.348,0.561,0.637,0.000,0.178,0.006,0.018,0.000,36202,2309,4128.59,7.05,824,460,1485.53,696.46,5.98,5.46,0.42,0.21
27O,27,Mangoola Mine,12/03/2019,REFERENCE,O,3757,Hunter Escarpment Ironbark Scrubby Low Forest,NA,249,107,23,0,42,77,0,0,1.7,1.29,0.73,0.96,3.23,0.15,9.96,5.68,46.50,17.22,3.03,5.30,2.38,0.38,0.48,0.35,0.41,0.08,27.2,205.7,48.1,63.8,164.5,22.9,123.6,0.354,0.337,0.387,0.447,0.435,0.409,0.406,0.304,17887,649,833.89,4.98,19,24,14,16,0,35.67,27.60,24.67,22.25,0.00,2.794,2.153,2.416,1.973,0.000,0.004,0.070,0.003,0.018,0.000,53711,2020,3285.14,6.80,680,424,1219.26,602.33,5.76,5.15,0.38,0.26
27T,27,Mangoola Mine,12/03/2019,REFERENCE,T,3757,Hunter Escarpment Ironbark Scrubby Low Forest,NA,309.7,97,33,0.5,68,90,0.2,21,8.4,1.63,1.05,1.03,4.07,0.22,8.55,5.68,87.70,16.04,2.44,5.22,2.25,0.91,0.70,0.31,0.26,0.12,29.4,151.0,19.2,50.7,77.1,4.2,132.2,0.283,0.279,0.305,0.354,0.369,0.302,0.278,0.253,21186,641,804.93,4.89,8,18,18,10,0,9.50,19.50,31.50,13.00,0.00,1.991,1.516,1.676,2.077,0.000,0.002,0.129,0.012,0.004,0.000,33746,2091,3707.73,6.82,738,421,1283.96,701.29,5.76,5.24,0.40,0.22
28O,28,Mangoola Mine,12/03/2019,REFERENCE,O,3757,Hunter Escarpment Ironbark Scrubby Low Forest,NA,283,67,28,27,53,98,10,0,0.8,1.46,0.95,1.12,3.84,0.18,7.97,5.69,47.10,14.24,2.42,4.33,2.12,0.78,0.74,0.15,0.21,0.15,5.9,45.5,13.4,24.1,59.7,5.4,45.2,0.244,0.250,0.276,0.296,0.305,0.292,0.270,0.229,26540,506,670.33,4.66,2,32,7,12,0,3.00,33.60,8.00,24.25,0.00,0.693,2.186,1.798,1.854,0.000,0.000,0.160,0.002,0.005,0.000,37143,2039,3834.03,6.71,713,450,1375.31,739.38,5.62,5.19,0.40,0.26
28T,28,Mangoola Mine,12/03/2019,REFERENCE,T,3757,Hunter Escarpment Ironbark Scrubby Low Forest,NA,561.7,69,46,1,138,193,26.7,88,1.6,1.98,1.52,1.36,5.36,0.26,12.71,5.39,116.40,11.91,1.85,3.71,1.60,0.62,0.80,0.12,0.17,0.19,4.6,158.7,59.0,147.9,51.9,25.4,80.1,0.306,0.299,0.342,0.370,0.379,0.367,0.339,0.280,20158,505,661.03,4.61,0,21,7,5,0,0.00,24.00,13.25,5.00,0.00,0.000,2.002,1.889,0.612,0.000,0.000,0.132,0.001,0.012,0.000,48474,1858,3197.89,6.58,662,337,1184.04,509.66,5.50,4.86,0.43,0.20
,,,,,,,,,,,,,,,,,,,,,,,,,,,,,,,,,,,,,,,,,,,,,,,,,,,,,,,,,,,,,,,,,,,,,,,,,,,,,,,,,,,,,
